statement_type,raw_concept,canonical_row_id,mapping_status,notes
income_statement,html:total,html:total,auto_from_master,Seeded from master 10-K: PLUS_SEC-XBRL-financials_as-presented_10-K_2020-05-22_0001140361-20-012223.xlsx
income_statement,html:cost-of-sales,html:cost-of-sales,auto_from_master,Seeded from master 10-K: PLUS_SEC-XBRL-financials_as-presented_10-K_2020-05-22_0001140361-20-012223.xlsx
income_statement,html:gross-profit,html:gross-profit,auto_from_master,Seeded from master 10-K: PLUS_SEC-XBRL-financials_as-presented_10-K_2020-05-22_0001140361-20-012223.xlsx
income_statement,html:selling-general-and-administrative,html:selling-general-and-administrative,auto_from_master,Seeded from master 10-K: PLUS_SEC-XBRL-financials_as-presented_10-K_2020-05-22_0001140361-20-012223.xlsx
income_statement,html:depreciation-and-amortization,html:depreciation-and-amortization,auto_from_master,Seeded from master 10-K: PLUS_SEC-XBRL-financials_as-presented_10-K_2020-05-22_0001140361-20-012223.xlsx
income_statement,html:interest-and-financing-costs,html:interest-and-financing-costs,auto_from_master,Seeded from master 10-K: PLUS_SEC-XBRL-financials_as-presented_10-K_2020-05-22_0001140361-20-012223.xlsx
income_statement,html:operating-expenses,html:operating-expenses,auto_from_master,Seeded from master 10-K: PLUS_SEC-XBRL-financials_as-presented_10-K_2020-05-22_0001140361-20-012223.xlsx
income_statement,html:operating-income,html:operating-income,auto_from_master,Seeded from master 10-K: PLUS_SEC-XBRL-financials_as-presented_10-K_2020-05-22_0001140361-20-012223.xlsx
income_statement,html:other-income-expense,html:other-income-expense,auto_from_master,Seeded from master 10-K: PLUS_SEC-XBRL-financials_as-presented_10-K_2020-05-22_0001140361-20-012223.xlsx
income_statement,html:earnings-before-tax,html:earnings-before-tax,auto_from_master,Seeded from master 10-K: PLUS_SEC-XBRL-financials_as-presented_10-K_2020-05-22_0001140361-20-012223.xlsx
income_statement,html:provision-for-income-taxes,html:provision-for-income-taxes,auto_from_master,Seeded from master 10-K: PLUS_SEC-XBRL-financials_as-presented_10-K_2020-05-22_0001140361-20-012223.xlsx
income_statement,html:net-earnings,html:net-earnings,auto_from_master,Seeded from master 10-K: PLUS_SEC-XBRL-financials_as-presented_10-K_2020-05-22_0001140361-20-012223.xlsx
income_statement,html:net-earnings-per-common-share-basic-in-dollars-per-share,html:net-earnings-per-common-share-basic-in-dollars-per-share,auto_from_master,Seeded from master 10-K: PLUS_SEC-XBRL-financials_as-presented_10-K_2020-05-22_0001140361-20-012223.xlsx
income_statement,html:net-earnings-per-common-share-diluted-in-dollars-per-share,html:net-earnings-per-common-share-diluted-in-dollars-per-share,auto_from_master,Seeded from master 10-K: PLUS_SEC-XBRL-financials_as-presented_10-K_2020-05-22_0001140361-20-012223.xlsx
income_statement,html:weighted-average-common-shares-outstanding-basic-in-shares,html:weighted-average-common-shares-outstanding-basic-in-shares,auto_from_master,Seeded from master 10-K: PLUS_SEC-XBRL-financials_as-presented_10-K_2020-05-22_0001140361-20-012223.xlsx
income_statement,html:weighted-average-common-shares-outstanding-diluted-in-shares,html:weighted-average-common-shares-outstanding-diluted-in-shares,auto_from_master,Seeded from master 10-K: PLUS_SEC-XBRL-financials_as-presented_10-K_2020-05-22_0001140361-20-012223.xlsx
income_statement,html:product-member,html:product-member,auto_from_master,Seeded from master 10-K: PLUS_SEC-XBRL-financials_as-presented_10-K_2020-05-22_0001140361-20-012223.xlsx
income_statement,html:net-sales,html:net-sales,auto_from_master,Seeded from master 10-K: PLUS_SEC-XBRL-financials_as-presented_10-K_2020-05-22_0001140361-20-012223.xlsx
income_statement,html:services-member,html:services-member,auto_from_master,Seeded from master 10-K: PLUS_SEC-XBRL-financials_as-presented_10-K_2020-05-22_0001140361-20-012223.xlsx
income_statement,html:1-basic-and-diluted-earnings-per-share-are-computed-independently-for-each-of-the-quarters-presented-therefore-the-sum-of-quarterly-basic-and-diluted-per-share-information-may-not-equal-annual-basic-and-diluted-earnings-per-share,html:1-basic-and-diluted-earnings-per-share-are-computed-independently-for-each-of-the-quarters-presented-therefore-the-sum-of-quarterly-basic-and-diluted-per-share-information-may-not-equal-annual-basic-and-diluted-earnings-per-share,auto_from_master,Seeded from master 10-K: PLUS_SEC-XBRL-financials_as-presented_10-K_2020-05-22_0001140361-20-012223.xlsx
income_statement,html:1,html:1-basic-and-diluted-earnings-per-share-are-computed-independently-for-each-of-the-quarters-presented-therefore-the-sum-of-quarterly-basic-and-diluted-per-share-information-may-not-equal-annual-basic-and-diluted-earnings-per-share,auto_from_master,Seeded from master 10-K: PLUS_SEC-XBRL-financials_as-presented_10-K_2020-05-22_0001140361-20-012223.xlsx; dedup_merged_into:html:1-basic-and-diluted-earnings-per-share-are-computed-independently-for-each-of-the-quarters-presented-therefore-the-sum-of-quarterly-basic-and-diluted-per-share-information-may-not-equal-annual-basic-and-diluted-earnings-per-share:similar_label_empty
balance_sheet,html:cash-and-cash-equivalents,html:cash-and-cash-equivalents,auto_from_master,Seeded from master 10-K: PLUS_SEC-XBRL-financials_as-presented_10-K_2020-05-22_0001140361-20-012223.xlsx
balance_sheet,html:accounts-receivable-trade-net,html:accounts-receivable-trade-net,auto_from_master,Seeded from master 10-K: PLUS_SEC-XBRL-financials_as-presented_10-K_2020-05-22_0001140361-20-012223.xlsx
balance_sheet,html:accounts-receivable-other-net,html:accounts-receivable-other-net,auto_from_master,Seeded from master 10-K: PLUS_SEC-XBRL-financials_as-presented_10-K_2020-05-22_0001140361-20-012223.xlsx
balance_sheet,html:inventories,html:inventories,auto_from_master,Seeded from master 10-K: PLUS_SEC-XBRL-financials_as-presented_10-K_2020-05-22_0001140361-20-012223.xlsx
balance_sheet,html:financing-receivables-net-current,html:financing-receivables-net-current,auto_from_master,Seeded from master 10-K: PLUS_SEC-XBRL-financials_as-presented_10-K_2020-05-22_0001140361-20-012223.xlsx
balance_sheet,html:deferred-costs,html:deferred-costs,auto_from_master,Seeded from master 10-K: PLUS_SEC-XBRL-financials_as-presented_10-K_2020-05-22_0001140361-20-012223.xlsx
balance_sheet,html:other-current-assets,html:other-current-assets,auto_from_master,Seeded from master 10-K: PLUS_SEC-XBRL-financials_as-presented_10-K_2020-05-22_0001140361-20-012223.xlsx
balance_sheet,html:total-current-assets,html:total-current-assets,auto_from_master,Seeded from master 10-K: PLUS_SEC-XBRL-financials_as-presented_10-K_2020-05-22_0001140361-20-012223.xlsx
balance_sheet,html:financing-receivables-and-operating-leases-net,html:financing-receivables-and-operating-leases-net,auto_from_master,Seeded from master 10-K: PLUS_SEC-XBRL-financials_as-presented_10-K_2020-05-22_0001140361-20-012223.xlsx
balance_sheet,html:property-equipment-and-other-assets,html:property-equipment-and-other-assets,auto_from_master,Seeded from master 10-K: PLUS_SEC-XBRL-financials_as-presented_10-K_2020-05-22_0001140361-20-012223.xlsx
balance_sheet,html:goodwill,html:goodwill,auto_from_master,Seeded from master 10-K: PLUS_SEC-XBRL-financials_as-presented_10-K_2020-05-22_0001140361-20-012223.xlsx
balance_sheet,html:other-intangible-assets-net,html:other-intangible-assets-net,auto_from_master,Seeded from master 10-K: PLUS_SEC-XBRL-financials_as-presented_10-K_2020-05-22_0001140361-20-012223.xlsx
balance_sheet,html:total-assets,html:total-assets,auto_from_master,Seeded from master 10-K: PLUS_SEC-XBRL-financials_as-presented_10-K_2020-05-22_0001140361-20-012223.xlsx
balance_sheet,html:current-liabilities,html:current-liabilities,auto_from_master,Seeded from master 10-K: PLUS_SEC-XBRL-financials_as-presented_10-K_2020-05-22_0001140361-20-012223.xlsx
balance_sheet,html:accounts-payable,html:accounts-payable,auto_from_master,Seeded from master 10-K: PLUS_SEC-XBRL-financials_as-presented_10-K_2020-05-22_0001140361-20-012223.xlsx
balance_sheet,html:accounts-payable-floor-plan,html:accounts-payable-floor-plan,auto_from_master,Seeded from master 10-K: PLUS_SEC-XBRL-financials_as-presented_10-K_2020-05-22_0001140361-20-012223.xlsx
balance_sheet,html:salaries-and-commissions-payable,html:salaries-and-commissions-payable,auto_from_master,Seeded from master 10-K: PLUS_SEC-XBRL-financials_as-presented_10-K_2020-05-22_0001140361-20-012223.xlsx
balance_sheet,html:deferred-revenue,html:deferred-revenue,auto_from_master,Seeded from master 10-K: PLUS_SEC-XBRL-financials_as-presented_10-K_2020-05-22_0001140361-20-012223.xlsx
balance_sheet,html:recourse-notes-payable-current,html:recourse-notes-payable-current,auto_from_master,Seeded from master 10-K: PLUS_SEC-XBRL-financials_as-presented_10-K_2020-05-22_0001140361-20-012223.xlsx
balance_sheet,html:non-recourse-notes-payable-current,html:non-recourse-notes-payable-current,auto_from_master,Seeded from master 10-K: PLUS_SEC-XBRL-financials_as-presented_10-K_2020-05-22_0001140361-20-012223.xlsx
balance_sheet,html:other-current-liabilities,html:other-current-liabilities,auto_from_master,Seeded from master 10-K: PLUS_SEC-XBRL-financials_as-presented_10-K_2020-05-22_0001140361-20-012223.xlsx
balance_sheet,html:total-current-liabilities,html:total-current-liabilities,auto_from_master,Seeded from master 10-K: PLUS_SEC-XBRL-financials_as-presented_10-K_2020-05-22_0001140361-20-012223.xlsx
balance_sheet,html:non-recourse-notes-payable-long-term,html:non-recourse-notes-payable-long-term,auto_from_master,Seeded from master 10-K: PLUS_SEC-XBRL-financials_as-presented_10-K_2020-05-22_0001140361-20-012223.xlsx
balance_sheet,html:deferred-tax-liability-net,html:deferred-tax-liability-net,auto_from_master,Seeded from master 10-K: PLUS_SEC-XBRL-financials_as-presented_10-K_2020-05-22_0001140361-20-012223.xlsx
balance_sheet,html:other-liabilities,html:other-liabilities,auto_from_master,Seeded from master 10-K: PLUS_SEC-XBRL-financials_as-presented_10-K_2020-05-22_0001140361-20-012223.xlsx
balance_sheet,html:total-liabilities,html:total-liabilities,auto_from_master,Seeded from master 10-K: PLUS_SEC-XBRL-financials_as-presented_10-K_2020-05-22_0001140361-20-012223.xlsx
balance_sheet,html:commitments-and-contingencies-note-10,html:commitments-and-contingencies-note-10,auto_from_master,Seeded from master 10-K: PLUS_SEC-XBRL-financials_as-presented_10-K_2020-05-22_0001140361-20-012223.xlsx
balance_sheet,html:stockholders-equity,html:stockholders-equity,auto_from_master,Seeded from master 10-K: PLUS_SEC-XBRL-financials_as-presented_10-K_2020-05-22_0001140361-20-012223.xlsx
balance_sheet,html:preferred-stock-01-per-share-par-value-2-000-shares-authorized-none-outstanding,html:preferred-stock-01-per-share-par-value-2-000-shares-authorized-none-outstanding,auto_from_master,Seeded from master 10-K: PLUS_SEC-XBRL-financials_as-presented_10-K_2020-05-22_0001140361-20-012223.xlsx
balance_sheet,html:common-stock-01-per-share-par-value-25-000-shares-authorized-13-500-outstanding-at-march-31-2020-and-13-611-outstanding-at-march-31-2019,html:common-stock-01-per-share-par-value-25-000-shares-authorized-13-500-outstanding-at-march-31-2020-and-13-611-outstanding-at-march-31-2019,auto_from_master,Seeded from master 10-K: PLUS_SEC-XBRL-financials_as-presented_10-K_2020-05-22_0001140361-20-012223.xlsx
balance_sheet,html:additional-paid-in-capital,html:additional-paid-in-capital,auto_from_master,Seeded from master 10-K: PLUS_SEC-XBRL-financials_as-presented_10-K_2020-05-22_0001140361-20-012223.xlsx
balance_sheet,html:treasury-stock-at-cost-896-shares-at-march-31-2020-and-693-shares-at-march-31-2019,html:treasury-stock-at-cost-896-shares-at-march-31-2020-and-693-shares-at-march-31-2019,auto_from_master,Seeded from master 10-K: PLUS_SEC-XBRL-financials_as-presented_10-K_2020-05-22_0001140361-20-012223.xlsx
balance_sheet,html:retained-earnings,html:retained-earnings,auto_from_master,Seeded from master 10-K: PLUS_SEC-XBRL-financials_as-presented_10-K_2020-05-22_0001140361-20-012223.xlsx
balance_sheet,html:accumulated-other-comprehensive-income-foreign-currency-translation-adjustment,html:accumulated-other-comprehensive-income-foreign-currency-translation-adjustment,auto_from_master,Seeded from master 10-K: PLUS_SEC-XBRL-financials_as-presented_10-K_2020-05-22_0001140361-20-012223.xlsx
balance_sheet,html:total-stockholders-equity,html:total-stockholders-equity,auto_from_master,Seeded from master 10-K: PLUS_SEC-XBRL-financials_as-presented_10-K_2020-05-22_0001140361-20-012223.xlsx
balance_sheet,html:total-liabilities-and-stockholders-equity,html:total-liabilities-and-stockholders-equity,auto_from_master,Seeded from master 10-K: PLUS_SEC-XBRL-financials_as-presented_10-K_2020-05-22_0001140361-20-012223.xlsx
cash_flow,html:net-earnings,html:net-earnings,auto_from_master,Seeded from master 10-K: PLUS_SEC-XBRL-financials_as-presented_10-K_2020-05-22_0001140361-20-012223.xlsx
cash_flow,html:adjustments-to-reconcile-net-earnings-to-net-cash-provided-by-used-in-operating-activities,html:net-cash-provided-by-used-in-operating-activities,auto_from_master,Seeded from master 10-K: PLUS_SEC-XBRL-financials_as-presented_10-K_2020-05-22_0001140361-20-012223.xlsx; dedup_merged_into:html:net-cash-provided-by-used-in-operating-activities:similar_label_sparse
cash_flow,html:depreciation-and-amortization,html:depreciation-and-amortization,auto_from_master,Seeded from master 10-K: PLUS_SEC-XBRL-financials_as-presented_10-K_2020-05-22_0001140361-20-012223.xlsx
cash_flow,html:reserve-for-credit-losses,html:reserve-for-credit-losses,auto_from_master,Seeded from master 10-K: PLUS_SEC-XBRL-financials_as-presented_10-K_2020-05-22_0001140361-20-012223.xlsx
cash_flow,html:share-based-compensation-expense,html:share-based-compensation-expense,auto_from_master,Seeded from master 10-K: PLUS_SEC-XBRL-financials_as-presented_10-K_2020-05-22_0001140361-20-012223.xlsx
cash_flow,html:deferred-taxes,html:deferred-taxes,auto_from_master,Seeded from master 10-K: PLUS_SEC-XBRL-financials_as-presented_10-K_2020-05-22_0001140361-20-012223.xlsx
cash_flow,html:payments-from-lessees-directly-to-lenders-operating-leases,html:payments-from-lessees-directly-to-lenders-operating-leases,auto_from_master,Seeded from master 10-K: PLUS_SEC-XBRL-financials_as-presented_10-K_2020-05-22_0001140361-20-012223.xlsx
cash_flow,html:gain-on-disposal-of-property-equipment-and-leased-equipment,html:gain-on-disposal-of-property-equipment-and-leased-equipment,auto_from_master,Seeded from master 10-K: PLUS_SEC-XBRL-financials_as-presented_10-K_2020-05-22_0001140361-20-012223.xlsx
cash_flow,html:gain-on-sale-of-financing-receivables,html:gain-on-sale-of-financing-receivables,auto_from_master,Seeded from master 10-K: PLUS_SEC-XBRL-financials_as-presented_10-K_2020-05-22_0001140361-20-012223.xlsx
cash_flow,html:other,html:deferred-costs-and-other-assets,auto_from_master,Seeded from master 10-K: PLUS_SEC-XBRL-financials_as-presented_10-K_2020-05-22_0001140361-20-012223.xlsx; dedup_merged_into:html:deferred-costs-and-other-assets:similar_label_sparse
cash_flow,html:changes-in,html:changes-in,auto_from_master,Seeded from master 10-K: PLUS_SEC-XBRL-financials_as-presented_10-K_2020-05-22_0001140361-20-012223.xlsx
cash_flow,html:accounts-receivable,html:accounts-receivable,auto_from_master,Seeded from master 10-K: PLUS_SEC-XBRL-financials_as-presented_10-K_2020-05-22_0001140361-20-012223.xlsx
cash_flow,html:inventories-net,html:inventories-net,auto_from_master,Seeded from master 10-K: PLUS_SEC-XBRL-financials_as-presented_10-K_2020-05-22_0001140361-20-012223.xlsx
cash_flow,html:financing-receivables-net,html:financing-receivables-net,auto_from_master,Seeded from master 10-K: PLUS_SEC-XBRL-financials_as-presented_10-K_2020-05-22_0001140361-20-012223.xlsx
cash_flow,html:deferred-costs-and-other-assets,html:deferred-costs-and-other-assets,auto_from_master,Seeded from master 10-K: PLUS_SEC-XBRL-financials_as-presented_10-K_2020-05-22_0001140361-20-012223.xlsx
cash_flow,html:accounts-payable-trade,html:accounts-payable-trade,auto_from_master,Seeded from master 10-K: PLUS_SEC-XBRL-financials_as-presented_10-K_2020-05-22_0001140361-20-012223.xlsx
cash_flow,html:salaries-and-commissions-payable-deferred-revenue-and-other-liabilities,html:salaries-and-commissions-payable-deferred-revenue-and-other-liabilities,auto_from_master,Seeded from master 10-K: PLUS_SEC-XBRL-financials_as-presented_10-K_2020-05-22_0001140361-20-012223.xlsx
cash_flow,html:net-cash-provided-by-used-in-operating-activities,html:net-cash-provided-by-used-in-operating-activities,auto_from_master,Seeded from master 10-K: PLUS_SEC-XBRL-financials_as-presented_10-K_2020-05-22_0001140361-20-012223.xlsx
cash_flow,html:cash-flows-from-investing-activities,html:cash-flows-from-investing-activities,auto_from_master,Seeded from master 10-K: PLUS_SEC-XBRL-financials_as-presented_10-K_2020-05-22_0001140361-20-012223.xlsx
cash_flow,html:proceeds-from-sale-of-property-equipment-and-leased-equipment,html:proceeds-from-sale-of-property-equipment-and-leased-equipment,auto_from_master,Seeded from master 10-K: PLUS_SEC-XBRL-financials_as-presented_10-K_2020-05-22_0001140361-20-012223.xlsx
cash_flow,html:purchases-of-property-equipment-and-operating-lease-equipment,html:purchases-of-property-equipment-and-operating-lease-equipment,auto_from_master,Seeded from master 10-K: PLUS_SEC-XBRL-financials_as-presented_10-K_2020-05-22_0001140361-20-012223.xlsx
cash_flow,html:purchases-of-assets-to-be-leased-or-financed,html:purchases-of-assets-to-be-leased-or-financed,auto_from_master,Seeded from master 10-K: PLUS_SEC-XBRL-financials_as-presented_10-K_2020-05-22_0001140361-20-012223.xlsx
cash_flow,html:issuance-of-financing-receivables,html:repayments-of-financing-of-acquisitions,auto_from_master,Seeded from master 10-K: PLUS_SEC-XBRL-financials_as-presented_10-K_2020-05-22_0001140361-20-012223.xlsx; dedup_merged_into:html:repayments-of-financing-receivables:similar_label_empty; dedup_merged_into:html:repayments-of-financing-of-acquisitions:similar_label_sparse
cash_flow,html:repayments-of-financing-receivables,html:repayments-of-financing-of-acquisitions,auto_from_master,Seeded from master 10-K: PLUS_SEC-XBRL-financials_as-presented_10-K_2020-05-22_0001140361-20-012223.xlsx; dedup_merged_into:html:repayments-of-financing-of-acquisitions:similar_label_sparse
cash_flow,html:proceeds-from-sale-of-financing-receivables,html:proceeds-from-sale-of-financing-receivables,auto_from_master,Seeded from master 10-K: PLUS_SEC-XBRL-financials_as-presented_10-K_2020-05-22_0001140361-20-012223.xlsx
cash_flow,html:cash-used-in-acquisitions-net-of-cash-acquired,html:cash-used-in-acquisitions-net-of-cash-acquired,auto_from_master,Seeded from master 10-K: PLUS_SEC-XBRL-financials_as-presented_10-K_2020-05-22_0001140361-20-012223.xlsx
cash_flow,html:net-cash-used-in-investing-activities,html:net-cash-used-in-investing-activities,auto_from_master,Seeded from master 10-K: PLUS_SEC-XBRL-financials_as-presented_10-K_2020-05-22_0001140361-20-012223.xlsx
cash_flow,html:cash-flows-from-financing-activities,html:cash-flows-from-investing-activities,auto_from_master,Seeded from master 10-K: PLUS_SEC-XBRL-financials_as-presented_10-K_2020-05-22_0001140361-20-012223.xlsx; dedup_merged_into:html:cash-flows-from-investing-activities:similar_label_empty
cash_flow,html:borrowings-of-non-recourse-and-recourse-notes-payable,html:borrowings-of-non-recourse-and-recourse-notes-payable,auto_from_master,Seeded from master 10-K: PLUS_SEC-XBRL-financials_as-presented_10-K_2020-05-22_0001140361-20-012223.xlsx
cash_flow,html:repayments-of-non-recourse-and-recourse-notes-payable,html:repayments-of-non-recourse-and-recourse-notes-payable,auto_from_master,Seeded from master 10-K: PLUS_SEC-XBRL-financials_as-presented_10-K_2020-05-22_0001140361-20-012223.xlsx
cash_flow,html:repurchase-of-common-stock,html:repurchase-of-common-stock,auto_from_master,Seeded from master 10-K: PLUS_SEC-XBRL-financials_as-presented_10-K_2020-05-22_0001140361-20-012223.xlsx
cash_flow,html:repayments-of-financing-of-acquisitions,html:repayments-of-financing-of-acquisitions,auto_from_master,Seeded from master 10-K: PLUS_SEC-XBRL-financials_as-presented_10-K_2020-05-22_0001140361-20-012223.xlsx
cash_flow,html:net-borrowings-repayments-on-floor-plan-facility,html:net-borrowings-repayments-on-floor-plan-facility,auto_from_master,Seeded from master 10-K: PLUS_SEC-XBRL-financials_as-presented_10-K_2020-05-22_0001140361-20-012223.xlsx
cash_flow,html:net-cash-provided-by-used-in-financing-activities,html:net-cash-provided-by-used-in-financing-activities,auto_from_master,Seeded from master 10-K: PLUS_SEC-XBRL-financials_as-presented_10-K_2020-05-22_0001140361-20-012223.xlsx
cash_flow,html:effect-of-exchange-rate-changes-on-cash,html:effect-of-exchange-rate-changes-on-cash,auto_from_master,Seeded from master 10-K: PLUS_SEC-XBRL-financials_as-presented_10-K_2020-05-22_0001140361-20-012223.xlsx
cash_flow,html:net-increase-decrease-in-cash-and-cash-equivalents,html:net-increase-decrease-in-cash-and-cash-equivalents,auto_from_master,Seeded from master 10-K: PLUS_SEC-XBRL-financials_as-presented_10-K_2020-05-22_0001140361-20-012223.xlsx
cash_flow,html:cash-and-cash-equivalents-beginning-of-period,html:cash-and-cash-equivalents-beginning-of-period,auto_from_master,Seeded from master 10-K: PLUS_SEC-XBRL-financials_as-presented_10-K_2020-05-22_0001140361-20-012223.xlsx
cash_flow,html:cash-and-cash-equivalents-end-of-period,html:cash-and-cash-equivalents-beginning-of-period,auto_from_master,Seeded from master 10-K: PLUS_SEC-XBRL-financials_as-presented_10-K_2020-05-22_0001140361-20-012223.xlsx; dedup_merged_into:html:cash-and-cash-equivalents-beginning-of-period:similar_label_sparse
cash_flow,html:supplemental-disclosures-of-cash-flow-information,html:supplemental-disclosures-of-cash-flow-information,auto_from_master,Seeded from master 10-K: PLUS_SEC-XBRL-financials_as-presented_10-K_2020-05-22_0001140361-20-012223.xlsx
cash_flow,html:cash-paid-for-interest,html:cash-paid-for-interest,auto_from_master,Seeded from master 10-K: PLUS_SEC-XBRL-financials_as-presented_10-K_2020-05-22_0001140361-20-012223.xlsx
cash_flow,html:cash-paid-for-income-taxes,html:cash-paid-for-income-taxes,auto_from_master,Seeded from master 10-K: PLUS_SEC-XBRL-financials_as-presented_10-K_2020-05-22_0001140361-20-012223.xlsx
cash_flow,html:cash-paid-for-amounts-included-in-the-measurement-of-lease-liabilities,html:cash-paid-for-amounts-included-in-the-measurement-of-lease-liabilities,auto_from_master,Seeded from master 10-K: PLUS_SEC-XBRL-financials_as-presented_10-K_2020-05-22_0001140361-20-012223.xlsx
cash_flow,html:schedule-of-non-cash-investing-and-financing-activities,html:schedule-of-non-cash-investing-and-financing-activities,auto_from_master,Seeded from master 10-K: PLUS_SEC-XBRL-financials_as-presented_10-K_2020-05-22_0001140361-20-012223.xlsx
cash_flow,html:consideration-for-acquisitions,html:consideration-for-acquisitions,auto_from_master,Seeded from master 10-K: PLUS_SEC-XBRL-financials_as-presented_10-K_2020-05-22_0001140361-20-012223.xlsx
cash_flow,html:borrowing-of-non-recourse-and-recourse-notes-payable,html:borrowings-of-non-recourse-and-recourse-notes-payable,auto_from_master,Seeded from master 10-K: PLUS_SEC-XBRL-financials_as-presented_10-K_2020-05-22_0001140361-20-012223.xlsx; dedup_merged_into:html:borrowings-of-non-recourse-and-recourse-notes-payable:similar_label_sparse
cash_flow,html:vesting-of-share-based-compensation,html:vesting-of-share-based-compensation,auto_from_master,Seeded from master 10-K: PLUS_SEC-XBRL-financials_as-presented_10-K_2020-05-22_0001140361-20-012223.xlsx
cash_flow,html:new-operating-lease-assets-obtained-in-exchange-for-lease-obligations,html:new-operating-lease-assets-obtained-in-exchange-for-lease-obligations,auto_from_master,Seeded from master 10-K: PLUS_SEC-XBRL-financials_as-presented_10-K_2020-05-22_0001140361-20-012223.xlsx
cash_flow,html:adjustments-to-reconcile-net-earnings-to-net-cash-used-in-provided-by-operating-activities,html:net-cash-provided-by-used-in-operating-activities,auto_label_match,Normalized label 'adjustment to reconcile net earning to net cash provided by operating activity' matched master html:adjustments-to-reconcile-net-earnings-to-net-cash-provided-by-used-in-operating-activities (from PLUS_SEC-XBRL-financials_as-presented_10-K_2019-05-23_0001022408-19-000012.xlsx); dedup_merged_into:html:net-cash-provided-by-used-in-operating-activities:similar_label_sparse
cash_flow,html:reserve-for-credit-losses-inventory-obsolescence-and-sales-returns,html:reserve-for-credit-losses,auto_label_match,Fuzzy label match to html:reserve-for-credit-losses (from PLUS_SEC-XBRL-financials_as-presented_10-K_2019-05-23_0001022408-19-000012.xlsx)
cash_flow,html:inventories,html:inventories-net,auto_label_match,Fuzzy label match to html:inventories-net (from PLUS_SEC-XBRL-financials_as-presented_10-K_2019-05-23_0001022408-19-000012.xlsx)
cash_flow,html:deferred-costs-other-intangible-assets-and-other-assets,html:deferred-costs-and-other-assets,auto_label_match,Fuzzy label match to html:other (from PLUS_SEC-XBRL-financials_as-presented_10-K_2019-05-23_0001022408-19-000012.xlsx); dedup_merged_into:html:deferred-costs-and-other-assets:similar_label_sparse
cash_flow,html:accounts-payable,html:accounts-payable-trade,auto_label_match,Fuzzy label match to html:accounts-payable-trade (from PLUS_SEC-XBRL-financials_as-presented_10-K_2019-05-23_0001022408-19-000012.xlsx)
cash_flow,html:net-cash-provided-by-operating-activities,html:net-cash-provided-by-used-in-operating-activities,auto_label_match,Normalized label 'net cash provided by operating activity' matched master html:net-cash-provided-by-used-in-operating-activities (from PLUS_SEC-XBRL-financials_as-presented_10-K_2019-05-23_0001022408-19-000012.xlsx)
cash_flow,html:net-decrease-in-cash-and-cash-equivalents,html:net-increase-decrease-in-cash-and-cash-equivalents,auto_label_match,Fuzzy label match to html:net-increase-decrease-in-cash-and-cash-equivalents (from PLUS_SEC-XBRL-financials_as-presented_10-K_2019-05-23_0001022408-19-000012.xlsx)
cash_flow,html:financing-of-acquisitions,html:repayments-of-financing-of-acquisitions,auto_label_match,Fuzzy label match to html:repayments-of-financing-of-acquisitions (from PLUS_SEC-XBRL-financials_as-presented_10-K_2019-05-23_0001022408-19-000012.xlsx)
cash_flow,html:repurchase-of-common-stock-included-in-accounts-payable,html:repurchase-of-common-stock,auto_label_match,Fuzzy label match to html:repurchase-of-common-stock (from PLUS_SEC-XBRL-financials_as-presented_10-K_2019-05-23_0001022408-19-000012.xlsx)
cash_flow,html:gain-on-disposal-of-property-equipment-and-operating-lease-equipment,html:gain-on-disposal-of-property-equipment-and-leased-equipment,auto_label_match,Fuzzy label match to html:gain-on-disposal-of-property-equipment-and-leased-equipment (from PLUS_SEC-XBRL-financials_as-presented_10-K_2021-05-21_0001022408-21-000014.xlsx)
cash_flow,html:gain-on-sale-of-financial-receivables,html:gain-on-sale-of-financing-receivables,auto_label_match,Fuzzy label match to html:gain-on-sale-of-financing-receivables (from PLUS_SEC-XBRL-financials_as-presented_10-K_2021-05-21_0001022408-21-000014.xlsx)
cash_flow,html:proceeds-from-sale-of-property-equipment-and-operating-lease-equipment,html:proceeds-from-sale-of-property-equipment-and-leased-equipment,auto_label_match,Fuzzy label match to html:proceeds-from-sale-of-property-equipment-and-leased-equipment (from PLUS_SEC-XBRL-financials_as-presented_10-K_2021-05-21_0001022408-21-000014.xlsx)
cash_flow,html:provision-for-credit-losses,html:reserve-for-credit-losses,auto_label_match,Fuzzy label match to html:reserve-for-credit-losses (from PLUS_SEC-XBRL-financials_as-presented_10-K_2022-05-26_0001140361-22-020620.xlsx)
cash_flow,html:net-increase-in-cash-and-cash-equivalents,html:net-increase-decrease-in-cash-and-cash-equivalents,auto_label_match,Normalized label 'net increase in cash and cash equivalent' matched master html:net-increase-decrease-in-cash-and-cash-equivalents (from PLUS_SEC-XBRL-financials_as-presented_10-K_2022-05-26_0001140361-22-020620.xlsx)
income_statement,html:other-income-expense-net,html:other-income-expense,auto_label_match,Fuzzy label match to html:other-income-expense (from PLUS_SEC-XBRL-financials_as-presented_10-K_2023-05-25_0001140361-23-026454.xlsx)
cash_flow,html:net-gain-on-disposal-of-property-equipment-and-operating-lease-equipment,html:gain-on-disposal-of-property-equipment-and-leased-equipment,auto_label_match,Fuzzy label match to html:gain-on-disposal-of-property-equipment-and-leased-equipment (from PLUS_SEC-XBRL-financials_as-presented_10-K_2025-05-22_0001140361-25-020204.xlsx)
cash_flow,html:net-repayments-on-floor-plan-facility,html:net-borrowings-repayments-on-floor-plan-facility,auto_label_match,Fuzzy label match to html:net-borrowings-repayments-on-floor-plan-facility (from PLUS_SEC-XBRL-financials_as-presented_10-K_2025-05-22_0001140361-25-020204.xlsx)
cash_flow,html:net-cash-used-in-financing-activities,html:net-cash-used-in-investing-activities,auto_label_match,Fuzzy label match to html:net-cash-used-in-investing-activities (from PLUS_SEC-XBRL-financials_as-presented_10-K_2025-05-22_0001140361-25-020204.xlsx)
income_statement,html:other-income-net,html:other-income-expense,auto_label_match,Fuzzy label match to html:other-income-expense (from PLUS_SEC-XBRL-financials_as-presented_10-K_2026-05-28_0001140361-26-023171.xlsx)
income_statement,html:earnings-from-continuing-operations-before-tax,html:earnings-before-tax,auto_label_match,Fuzzy label match to html:earnings-before-tax (from PLUS_SEC-XBRL-financials_as-presented_10-K_2026-05-28_0001140361-26-023171.xlsx)
income_statement,html:net-earnings-from-continuing-operations,html:net-earnings,auto_label_match,Fuzzy label match to html:net-earnings (from PLUS_SEC-XBRL-financials_as-presented_10-K_2026-05-28_0001140361-26-023171.xlsx)
income_statement,html:net-earnings-from-discontinued-operations-net-of-tax-note-5,html:net-earnings,auto_label_match,Fuzzy label match to html:net-earnings (from PLUS_SEC-XBRL-financials_as-presented_10-K_2026-05-28_0001140361-26-023171.xlsx)
income_statement,html:net-earnings-in-dollars,html:net-earnings,auto_label_match,Normalized label 'net earning' matched master html:net-earnings (from PLUS_SEC-XBRL-financials_as-presented_10-K_2026-05-28_0001140361-26-023171.xlsx)
income_statement,html:net-earnings-per-common-share-basic,html:net-earnings-per-common-share-basic-in-dollars-per-share,auto_label_match,Normalized label 'net earning per common share basic' matched master html:net-earnings-per-common-share-basic-in-dollars-per-share (from PLUS_SEC-XBRL-financials_as-presented_10-K_2026-05-28_0001140361-26-023171.xlsx)
income_statement,html:net-earnings-per-common-share-diluted,html:net-earnings-per-common-share-diluted-in-dollars-per-share,auto_label_match,Normalized label 'net earning per common share diluted' matched master html:net-earnings-per-common-share-diluted-in-dollars-per-share (from PLUS_SEC-XBRL-financials_as-presented_10-K_2026-05-28_0001140361-26-023171.xlsx)
cash_flow,html:less-net-earnings-from-discontinued-operations-net-of-tax,html:net-earnings,auto_label_match,Fuzzy label match to html:net-earnings (from PLUS_SEC-XBRL-financials_as-presented_10-K_2026-05-28_0001140361-26-023171.xlsx)
cash_flow,html:net-earnings-from-continuing-operations,html:net-earnings,auto_label_match,Fuzzy label match to html:net-earnings (from PLUS_SEC-XBRL-financials_as-presented_10-K_2026-05-28_0001140361-26-023171.xlsx)
cash_flow,html:adjustments-to-reconcile-net-earnings-to-net-cash-provided-by-used-in-operating-activities-of-continuing-operations,html:net-earnings,auto_label_match,Fuzzy label match to html:net-earnings (from PLUS_SEC-XBRL-financials_as-presented_10-K_2026-05-28_0001140361-26-023171.xlsx)
cash_flow,html:net-loss-on-disposal-of-property-and-equipment,html:gain-on-disposal-of-property-equipment-and-leased-equipment,auto_label_match,Fuzzy label match to html:gain-on-disposal-of-property-equipment-and-leased-equipment (from PLUS_SEC-XBRL-financials_as-presented_10-K_2026-05-28_0001140361-26-023171.xlsx)
cash_flow,html:net-cash-provided-by-used-in-operating-activities-of-continuing-operations,html:net-cash-provided-by-used-in-operating-activities,auto_label_match,Fuzzy label match to html:net-cash-provided-by-used-in-operating-activities (from PLUS_SEC-XBRL-financials_as-presented_10-K_2026-05-28_0001140361-26-023171.xlsx)
cash_flow,html:net-cash-provided-by-used-in-operating-activities-of-discontinued-operations,html:net-cash-provided-by-used-in-operating-activities,auto_label_match,Fuzzy label match to html:net-cash-provided-by-used-in-operating-activities (from PLUS_SEC-XBRL-financials_as-presented_10-K_2026-05-28_0001140361-26-023171.xlsx)
cash_flow,html:proceeds-from-sale-of-property-and-equipment,html:proceeds-from-sale-of-property-equipment-and-leased-equipment,auto_label_match,Fuzzy label match to html:proceeds-from-sale-of-property-equipment-and-leased-equipment (from PLUS_SEC-XBRL-financials_as-presented_10-K_2026-05-28_0001140361-26-023171.xlsx)
cash_flow,html:purchases-of-property-and-equipment,html:purchases-of-property-equipment-and-operating-lease-equipment,auto_label_match,Fuzzy label match to html:purchases-of-property-equipment-and-operating-lease-equipment (from PLUS_SEC-XBRL-financials_as-presented_10-K_2026-05-28_0001140361-26-023171.xlsx)
cash_flow,html:net-cash-provided-by-used-in-investing-activities,html:net-cash-provided-by-used-in-operating-activities,auto_label_match,Fuzzy label match to html:net-cash-provided-by-used-in-operating-activities (from PLUS_SEC-XBRL-financials_as-presented_10-K_2026-05-28_0001140361-26-023171.xlsx)
cash_flow,html:net-cash-provided-by-used-in-financing-activities-of-discontinued-operations,html:net-cash-provided-by-used-in-financing-activities,auto_label_match,Fuzzy label match to html:net-cash-provided-by-used-in-financing-activities (from PLUS_SEC-XBRL-financials_as-presented_10-K_2026-05-28_0001140361-26-023171.xlsx)
income_statement,html:weighted-average-common-shares-outstanding-basic,html:weighted-average-common-shares-outstanding-basic-in-shares,auto_label_match,Normalized label 'weighted average common share outstanding basic' matched master html:weighted-average-common-shares-outstanding-basic-in-shares (from PLUS_SEC-XBRL-financials_as-presented_10-Q_2019-02-07_0001022408-19-000006.xlsx)
income_statement,html:weighted-average-common-shares-outstanding-diluted,html:weighted-average-common-shares-outstanding-diluted-in-shares,auto_label_match,Normalized label 'weighted average common share outstanding diluted' matched master html:weighted-average-common-shares-outstanding-diluted-in-shares (from PLUS_SEC-XBRL-financials_as-presented_10-Q_2019-02-07_0001022408-19-000006.xlsx)
cash_flow,us-gaap:ProceedsFromNotesPayable,html:borrowings-of-non-recourse-and-recourse-notes-payable,auto_label_match,Normalized label 'borrowing of non recourse and recourse note payable' matched master html:borrowings-of-non-recourse-and-recourse-notes-payable (from PLUS_SEC-XBRL-financials_as-presented_10-Q_2019-08-08_0001140361-19-014491.xlsx)
cash_flow,us-gaap:RepaymentsOfNotesPayable,html:repayments-of-non-recourse-and-recourse-notes-payable,auto_label_match,Normalized label 'repayment of non recourse and recourse note payable' matched master html:repayments-of-non-recourse-and-recourse-notes-payable (from PLUS_SEC-XBRL-financials_as-presented_10-Q_2019-08-08_0001140361-19-014491.xlsx)
cash_flow,us-gaap:PaymentsForRepurchaseOfCommonStock,html:repurchase-of-common-stock,auto_label_match,Normalized label 'repurchase of common stock' matched master html:repurchase-of-common-stock (from PLUS_SEC-XBRL-financials_as-presented_10-Q_2019-08-08_0001140361-19-014491.xlsx)
cash_flow,plus:RepaymentsOfFinancingAcquisitions,html:repayments-of-financing-of-acquisitions,auto_label_match,Normalized label 'repayment of financing of acquisition' matched master html:repayments-of-financing-of-acquisitions (from PLUS_SEC-XBRL-financials_as-presented_10-Q_2019-08-08_0001140361-19-014491.xlsx)
cash_flow,plus:NetBorrowingsOrProceedsFromFloorPlanFacility,html:net-borrowings-repayments-on-floor-plan-facility,auto_label_match,Normalized label 'net borrowing on floor plan facility' matched master html:net-borrowings-repayments-on-floor-plan-facility (from PLUS_SEC-XBRL-financials_as-presented_10-Q_2019-08-08_0001140361-19-014491.xlsx)
cash_flow,us-gaap:NetCashProvidedByUsedInFinancingActivities,html:net-cash-provided-by-used-in-financing-activities,auto_label_match,Normalized label 'net cash provided by financing activity' matched master html:net-cash-provided-by-used-in-financing-activities (from PLUS_SEC-XBRL-financials_as-presented_10-Q_2019-08-08_0001140361-19-014491.xlsx)
cash_flow,us-gaap:EffectOfExchangeRateOnCashAndCashEquivalents,html:effect-of-exchange-rate-changes-on-cash,auto_label_match,Normalized label 'effect of exchange rate change on cash' matched master html:effect-of-exchange-rate-changes-on-cash (from PLUS_SEC-XBRL-financials_as-presented_10-Q_2019-08-08_0001140361-19-014491.xlsx)
cash_flow,us-gaap:CashCashEquivalentsRestrictedCashAndRestrictedCashEquivalentsPeriodIncreaseDecreaseIncludingExchangeRateEffect,html:net-increase-decrease-in-cash-and-cash-equivalents,auto_label_match,Fuzzy label match to html:net-increase-decrease-in-cash-and-cash-equivalents (from PLUS_SEC-XBRL-financials_as-presented_10-Q_2019-08-08_0001140361-19-014491.xlsx)
cash_flow,us-gaap:CashCashEquivalentsRestrictedCashAndRestrictedCashEquivalents,html:cash-and-cash-equivalents-beginning-of-period,auto_label_match,Normalized label 'cash and cash equivalent beginning of period' matched master html:cash-and-cash-equivalents-beginning-of-period (from PLUS_SEC-XBRL-financials_as-presented_10-Q_2019-08-08_0001140361-19-014491.xlsx)
cash_flow,us-gaap:InterestPaidNet,html:cash-paid-for-interest,auto_label_match,Normalized label 'cash paid for interest' matched master html:cash-paid-for-interest (from PLUS_SEC-XBRL-financials_as-presented_10-Q_2019-08-08_0001140361-19-014491.xlsx)
cash_flow,us-gaap:IncomeTaxesPaid,html:cash-paid-for-income-taxes,auto_label_match,Normalized label 'cash paid for income tax' matched master html:cash-paid-for-income-taxes (from PLUS_SEC-XBRL-financials_as-presented_10-Q_2019-08-08_0001140361-19-014491.xlsx)
cash_flow,plus:CashPaidForAmountsIncludedInMeasurementOfLeaseLiabilities,html:cash-paid-for-amounts-included-in-the-measurement-of-lease-liabilities,auto_label_match,Normalized label 'cash paid for amount included in the measurement of lease liability' matched master html:cash-paid-for-amounts-included-in-the-measurement-of-lease-liabilities (from PLUS_SEC-XBRL-financials_as-presented_10-Q_2019-08-08_0001140361-19-014491.xlsx)
cash_flow,us-gaap:ProceedsFromSaleOfPropertyPlantAndEquipment,html:proceeds-from-sale-of-property-equipment-and-leased-equipment,auto_label_match,Normalized label 'proceed from sale of property equipment and leased equipment' matched master html:proceeds-from-sale-of-property-equipment-and-leased-equipment (from PLUS_SEC-XBRL-financials_as-presented_10-Q_2019-08-08_0001140361-19-014491.xlsx)
cash_flow,us-gaap:CapitalExpendituresIncurredButNotYetPaid,html:purchases-of-property-equipment-and-operating-lease-equipment,auto_label_match,Normalized label 'purchase of property equipment and operating lease equipment' matched master html:purchases-of-property-equipment-and-operating-lease-equipment (from PLUS_SEC-XBRL-financials_as-presented_10-Q_2019-08-08_0001140361-19-014491.xlsx)
cash_flow,plus:PurchaseOfAssetsLeaseFinanced,html:purchases-of-assets-to-be-leased-or-financed,auto_label_match,Normalized label 'purchase of asset to be leased or financed' matched master html:purchases-of-assets-to-be-leased-or-financed (from PLUS_SEC-XBRL-financials_as-presented_10-Q_2019-08-08_0001140361-19-014491.xlsx)
cash_flow,plus:IssuanceOfFinancingReceivablesInNoncashFinancingActivity,html:repayments-of-financing-of-acquisitions,auto_label_match,Normalized label 'issuance of financing receivable' matched master html:issuance-of-financing-receivables (from PLUS_SEC-XBRL-financials_as-presented_10-Q_2019-08-08_0001140361-19-014491.xlsx); dedup_merged_into:html:repayments-of-financing-receivables:similar_label_empty; dedup_merged_into:html:repayments-of-financing-of-acquisitions:similar_label_sparse
cash_flow,plus:ProceedsFromSaleOfFinancingReceivablesInNoncashFinancingActivity,html:proceeds-from-sale-of-financing-receivables,auto_label_match,Normalized label 'proceed from sale of financing receivable' matched master html:proceeds-from-sale-of-financing-receivables (from PLUS_SEC-XBRL-financials_as-presented_10-Q_2019-08-08_0001140361-19-014491.xlsx)
cash_flow,plus:BorrowingOfRecourseAndNonRecourseNotesPayableInNoncashFinancingActivity,html:borrowings-of-non-recourse-and-recourse-notes-payable,auto_label_match,Normalized label 'borrowing of non recourse and recourse note payable' matched master html:borrowings-of-non-recourse-and-recourse-notes-payable (from PLUS_SEC-XBRL-financials_as-presented_10-Q_2019-08-08_0001140361-19-014491.xlsx)
cash_flow,plus:RepaymentsOfNonRecourseAndRecourseNotesPayableInNoncashFinancingActivity,html:repayments-of-non-recourse-and-recourse-notes-payable,auto_label_match,Normalized label 'repayment of non recourse and recourse note payable' matched master html:repayments-of-non-recourse-and-recourse-notes-payable (from PLUS_SEC-XBRL-financials_as-presented_10-Q_2019-08-08_0001140361-19-014491.xlsx)
cash_flow,plus:FairValueOfVestedShares,html:vesting-of-share-based-compensation,auto_label_match,Normalized label 'vesting of share based compensation' matched master html:vesting-of-share-based-compensation (from PLUS_SEC-XBRL-financials_as-presented_10-Q_2019-08-08_0001140361-19-014491.xlsx)
cash_flow,plus:RepurchaseOfCommonStockInNoncashFinancingActivity,html:repurchase-of-common-stock,auto_label_match,Normalized label 'repurchase of common stock' matched master html:repurchase-of-common-stock (from PLUS_SEC-XBRL-financials_as-presented_10-Q_2019-08-08_0001140361-19-014491.xlsx)
cash_flow,us-gaap:RightOfUseAssetObtainedInExchangeForOperatingLeaseLiability,html:new-operating-lease-assets-obtained-in-exchange-for-lease-obligations,auto_label_match,Normalized label 'new operating lease asset obtained in exchange for lease obligation' matched master html:new-operating-lease-assets-obtained-in-exchange-for-lease-obligations (from PLUS_SEC-XBRL-financials_as-presented_10-Q_2019-08-08_0001140361-19-014491.xlsx)
cash_flow,plus:ContingentConsiderationAtBookValue,html:repayments-of-financing-of-acquisitions,auto_label_match,Fuzzy label match to html:repayments-of-financing-of-acquisitions (from PLUS_SEC-XBRL-financials_as-presented_10-Q_2019-11-07_0001140361-19-019952.xlsx)
cash_flow,plus:RepurchaseOfCommonStockIncludedInAccountsPayable,html:repurchase-of-common-stock,auto_label_match,Normalized label 'repurchase of common stock' matched master html:repurchase-of-common-stock (from PLUS_SEC-XBRL-financials_as-presented_10-Q_2020-02-06_0001022408-20-000004.xlsx)
cash_flow,us-gaap:NetIncomeLoss,html:net-earnings,auto_label_match,Normalized label 'net earning' matched master html:net-earnings (from PLUS_SEC-XBRL-financials_as-presented_10-Q_2020-08-06_0001022408-20-000027.xlsx)
cash_flow,us-gaap:DepreciationDepletionAndAmortization,html:depreciation-and-amortization,auto_label_match,Normalized label 'depreciation and amortization' matched master html:depreciation-and-amortization (from PLUS_SEC-XBRL-financials_as-presented_10-Q_2020-08-06_0001022408-20-000027.xlsx)
cash_flow,us-gaap:ProvisionForLoanAndLeaseLosses,html:reserve-for-credit-losses,auto_label_match,Normalized label 'reserve for credit loss' matched master html:reserve-for-credit-losses (from PLUS_SEC-XBRL-financials_as-presented_10-Q_2020-08-06_0001022408-20-000027.xlsx)
cash_flow,us-gaap:ShareBasedCompensation,html:share-based-compensation-expense,auto_label_match,Normalized label 'share based compensation expense' matched master html:share-based-compensation-expense (from PLUS_SEC-XBRL-financials_as-presented_10-Q_2020-08-06_0001022408-20-000027.xlsx)
cash_flow,us-gaap:IncreaseDecreaseInDeferredIncomeTaxes,html:deferred-taxes,auto_label_match,Normalized label 'deferred tax' matched master html:deferred-taxes (from PLUS_SEC-XBRL-financials_as-presented_10-Q_2020-08-06_0001022408-20-000027.xlsx)
cash_flow,plus:PaymentsFromLesseesDirectlyToLendersOperatingLeases,html:payments-from-lessees-directly-to-lenders-operating-leases,auto_label_match,Normalized label 'payment from lessee directly to lender operating lease' matched master html:payments-from-lessees-directly-to-lenders-operating-leases (from PLUS_SEC-XBRL-financials_as-presented_10-Q_2020-08-06_0001022408-20-000027.xlsx)
cash_flow,plus:GainLossOnDispositionOfPropertyIncludingOperatingLeaseEquipment,html:gain-on-disposal-of-property-equipment-and-leased-equipment,auto_label_match,Fuzzy label match to html:gain-on-disposal-of-property-equipment-and-leased-equipment (from PLUS_SEC-XBRL-financials_as-presented_10-Q_2020-08-06_0001022408-20-000027.xlsx)
cash_flow,us-gaap:IncreaseDecreaseInAccountsReceivable,html:accounts-receivable,auto_label_match,Normalized label 'account receivable' matched master html:accounts-receivable (from PLUS_SEC-XBRL-financials_as-presented_10-Q_2020-08-06_0001022408-20-000027.xlsx)
cash_flow,us-gaap:IncreaseDecreaseInInventories,html:inventories-net,auto_label_match,Normalized label 'inventory net' matched master html:inventories-net (from PLUS_SEC-XBRL-financials_as-presented_10-Q_2020-08-06_0001022408-20-000027.xlsx)
cash_flow,us-gaap:IncreaseDecreaseInFinanceReceivables,html:financing-receivables-net,auto_label_match,Normalized label 'financing receivable net' matched master html:financing-receivables-net (from PLUS_SEC-XBRL-financials_as-presented_10-Q_2020-08-06_0001022408-20-000027.xlsx)
cash_flow,us-gaap:IncreaseDecreaseInOtherOperatingAssets,html:deferred-costs-and-other-assets,auto_label_match,Normalized label 'deferred cost and other asset' matched master html:deferred-costs-and-other-assets (from PLUS_SEC-XBRL-financials_as-presented_10-Q_2020-08-06_0001022408-20-000027.xlsx)
cash_flow,us-gaap:IncreaseDecreaseInAccountsPayable,html:accounts-payable-trade,auto_label_match,Normalized label 'account payable trade' matched master html:accounts-payable-trade (from PLUS_SEC-XBRL-financials_as-presented_10-Q_2020-08-06_0001022408-20-000027.xlsx)
cash_flow,us-gaap:IncreaseDecreaseInAccruedLiabilities,html:salaries-and-commissions-payable-deferred-revenue-and-other-liabilities,auto_label_match,Normalized label 'salary and commission payable deferred revenue and other liability' matched master html:salaries-and-commissions-payable-deferred-revenue-and-other-liabilities (from PLUS_SEC-XBRL-financials_as-presented_10-Q_2020-08-06_0001022408-20-000027.xlsx)
cash_flow,us-gaap:NetCashProvidedByUsedInOperatingActivities,html:net-cash-provided-by-used-in-operating-activities,auto_label_match,Normalized label 'net cash provided by operating activity' matched master html:net-cash-provided-by-used-in-operating-activities (from PLUS_SEC-XBRL-financials_as-presented_10-Q_2020-08-06_0001022408-20-000027.xlsx)
cash_flow,us-gaap:ProceedsFromSaleOfOtherProductiveAssets,html:proceeds-from-sale-of-property-equipment-and-leased-equipment,auto_label_match,Fuzzy label match to html:proceeds-from-sale-of-property-equipment-and-leased-equipment (from PLUS_SEC-XBRL-financials_as-presented_10-Q_2020-08-06_0001022408-20-000027.xlsx)
cash_flow,us-gaap:PaymentsToAcquireEquipmentOnLease,html:purchases-of-property-equipment-and-operating-lease-equipment,auto_label_match,Normalized label 'purchase of property equipment and operating lease equipment' matched master html:purchases-of-property-equipment-and-operating-lease-equipment (from PLUS_SEC-XBRL-financials_as-presented_10-Q_2020-08-06_0001022408-20-000027.xlsx)
cash_flow,us-gaap:NetCashProvidedByUsedInInvestingActivities,html:net-cash-used-in-investing-activities,auto_label_match,Normalized label 'net cash used in investing activity' matched master html:net-cash-used-in-investing-activities (from PLUS_SEC-XBRL-financials_as-presented_10-Q_2020-08-06_0001022408-20-000027.xlsx)
cash_flow,us-gaap:PaymentsToAcquireBusinessesNetOfCashAcquired,html:cash-used-in-acquisitions-net-of-cash-acquired,auto_label_match,Normalized label 'cash used in acquisition net of cash acquired' matched master html:cash-used-in-acquisitions-net-of-cash-acquired (from PLUS_SEC-XBRL-financials_as-presented_10-Q_2020-11-05_0001022408-20-000035.xlsx)
income_statement,us-gaap:Revenues,html:product-member,auto_label_match,Fuzzy label match to html:product-member (from PLUS_SEC-XBRL-financials_as-presented_10-Q_2022-02-04_0001140361-22-003800.xlsx)
income_statement,us-gaap:CostOfGoodsAndServicesSold,html:product-member,auto_label_match,Fuzzy label match to html:product-member (from PLUS_SEC-XBRL-financials_as-presented_10-Q_2022-02-04_0001140361-22-003800.xlsx)
income_statement,us-gaap:GrossProfit,html:gross-profit,auto_label_match,Normalized label 'gross profit' matched master html:gross-profit (from PLUS_SEC-XBRL-financials_as-presented_10-Q_2022-02-04_0001140361-22-003800.xlsx)
income_statement,us-gaap:SellingGeneralAndAdministrativeExpense,html:selling-general-and-administrative,auto_label_match,Normalized label 'selling general and administrative' matched master html:selling-general-and-administrative (from PLUS_SEC-XBRL-financials_as-presented_10-Q_2022-02-04_0001140361-22-003800.xlsx)
income_statement,us-gaap:DepreciationAndAmortization,html:depreciation-and-amortization,auto_label_match,Normalized label 'depreciation and amortization' matched master html:depreciation-and-amortization (from PLUS_SEC-XBRL-financials_as-presented_10-Q_2022-02-04_0001140361-22-003800.xlsx)
income_statement,us-gaap:InterestExpense,html:interest-and-financing-costs,auto_label_match,Normalized label 'interest and financing cost' matched master html:interest-and-financing-costs (from PLUS_SEC-XBRL-financials_as-presented_10-Q_2022-02-04_0001140361-22-003800.xlsx)
income_statement,us-gaap:OperatingExpenses,html:operating-expenses,auto_label_match,Normalized label 'operating expense' matched master html:operating-expenses (from PLUS_SEC-XBRL-financials_as-presented_10-Q_2022-02-04_0001140361-22-003800.xlsx)
income_statement,us-gaap:OperatingIncomeLoss,html:operating-income,auto_label_match,Normalized label 'operating income' matched master html:operating-income (from PLUS_SEC-XBRL-financials_as-presented_10-Q_2022-02-04_0001140361-22-003800.xlsx)
income_statement,us-gaap:NonoperatingIncomeExpense,html:other-income-expense,auto_label_match,Normalized label 'other income' matched master html:other-income-expense (from PLUS_SEC-XBRL-financials_as-presented_10-Q_2022-02-04_0001140361-22-003800.xlsx)
income_statement,us-gaap:IncomeLossFromContinuingOperationsBeforeIncomeTaxesExtraordinaryItemsNoncontrollingInterest,html:earnings-before-tax,auto_label_match,Normalized label 'earning before tax' matched master html:earnings-before-tax (from PLUS_SEC-XBRL-financials_as-presented_10-Q_2022-02-04_0001140361-22-003800.xlsx)
income_statement,us-gaap:IncomeTaxExpenseBenefit,html:provision-for-income-taxes,auto_label_match,Normalized label 'provision for income tax' matched master html:provision-for-income-taxes (from PLUS_SEC-XBRL-financials_as-presented_10-Q_2022-02-04_0001140361-22-003800.xlsx)
income_statement,us-gaap:NetIncomeLoss,html:net-earnings,auto_label_match,Normalized label 'net earning' matched master html:net-earnings (from PLUS_SEC-XBRL-financials_as-presented_10-Q_2022-02-04_0001140361-22-003800.xlsx)
income_statement,us-gaap:EarningsPerShareBasic,html:net-earnings-per-common-share-basic-in-dollars-per-share,auto_label_match,Normalized label 'net earning per common share basic' matched master html:net-earnings-per-common-share-basic-in-dollars-per-share (from PLUS_SEC-XBRL-financials_as-presented_10-Q_2022-02-04_0001140361-22-003800.xlsx)
income_statement,us-gaap:EarningsPerShareDiluted,html:net-earnings-per-common-share-diluted-in-dollars-per-share,auto_label_match,Normalized label 'net earning per common share diluted' matched master html:net-earnings-per-common-share-diluted-in-dollars-per-share (from PLUS_SEC-XBRL-financials_as-presented_10-Q_2022-02-04_0001140361-22-003800.xlsx)
income_statement,us-gaap:WeightedAverageNumberOfSharesOutstandingBasic,html:weighted-average-common-shares-outstanding-basic-in-shares,auto_label_match,Normalized label 'weighted average common share outstanding basic' matched master html:weighted-average-common-shares-outstanding-basic-in-shares (from PLUS_SEC-XBRL-financials_as-presented_10-Q_2022-02-04_0001140361-22-003800.xlsx)
income_statement,us-gaap:WeightedAverageNumberOfDilutedSharesOutstanding,html:weighted-average-common-shares-outstanding-diluted-in-shares,auto_label_match,Normalized label 'weighted average common share outstanding diluted' matched master html:weighted-average-common-shares-outstanding-diluted-in-shares (from PLUS_SEC-XBRL-financials_as-presented_10-Q_2022-02-04_0001140361-22-003800.xlsx)
cash_flow,html:adjustments-to-reconcile-net-earnings-to-net-cash-used-in-operating-activities,html:net-earnings,auto_label_match,Fuzzy label match to html:net-earnings (from PLUS_SEC-XBRL-financials_as-presented_10-Q_2022-08-04_0001140361-22-028077.xlsx)
cash_flow,us-gaap:EffectOfExchangeRateOnCashCashEquivalentsRestrictedCashAndRestrictedCashEquivalentsIncludingDisposalGroupAndDiscontinuedOperations,html:effect-of-exchange-rate-changes-on-cash,auto_label_match,Normalized label 'effect of exchange rate change on cash' matched master html:effect-of-exchange-rate-changes-on-cash (from PLUS_SEC-XBRL-financials_as-presented_10-Q_2022-08-04_0001140361-22-028077.xlsx)
cash_flow,us-gaap:ProvisionForLoanLeaseAndOtherLosses,html:reserve-for-credit-losses,auto_label_match,Fuzzy label match to html:reserve-for-credit-losses (from PLUS_SEC-XBRL-financials_as-presented_10-Q_2024-02-07_0001140361-24-005910.xlsx)
income_statement,us-gaap:InterestExpenseOperating,html:interest-and-financing-costs,auto_label_match,Normalized label 'interest and financing cost' matched master html:interest-and-financing-costs (from PLUS_SEC-XBRL-financials_as-presented_10-Q_2024-08-07_0001140361-24-035956.xlsx)
income_statement,us-gaap:InterestAndDebtExpense,html:interest-and-financing-costs,auto_label_match,Normalized label 'interest and financing cost' matched master html:interest-and-financing-costs (from PLUS_SEC-XBRL-financials_as-presented_10-Q_2025-02-06_0001140361-25-003227.xlsx)
cash_flow,us-gaap:DeferredIncomeTaxExpenseBenefit,html:deferred-taxes,auto_label_match,Normalized label 'deferred tax' matched master html:deferred-taxes (from PLUS_SEC-XBRL-financials_as-presented_10-Q_2025-02-06_0001140361-25-003227.xlsx)
income_statement,us-gaap:IncomeLossFromContinuingOperationsIncludingPortionAttributableToNoncontrollingInterest,html:net-earnings,auto_label_match,Fuzzy label match to html:net-earnings (from PLUS_SEC-XBRL-financials_as-presented_10-Q_2025-08-07_0001140361-25-029644.xlsx)
income_statement,html:earnings-per-common-share-basic,html:net-earnings-per-common-share-basic-in-dollars-per-share,auto_label_match,Fuzzy label match to html:net-earnings-per-common-share-basic-in-dollars-per-share (from PLUS_SEC-XBRL-financials_as-presented_10-Q_2025-08-07_0001140361-25-029644.xlsx)
income_statement,html:earnings-per-common-share-diluted,html:net-earnings-per-common-share-diluted-in-dollars-per-share,auto_label_match,Fuzzy label match to html:net-earnings-per-common-share-diluted-in-dollars-per-share (from PLUS_SEC-XBRL-financials_as-presented_10-Q_2025-08-07_0001140361-25-029644.xlsx)
cash_flow,us-gaap:IncomeLossFromContinuingOperations,html:net-earnings,auto_label_match,Fuzzy label match to html:net-earnings (from PLUS_SEC-XBRL-financials_as-presented_10-Q_2025-08-07_0001140361-25-029644.xlsx)
cash_flow,us-gaap:NetCashProvidedByUsedInOperatingActivitiesContinuingOperations,html:net-cash-provided-by-used-in-operating-activities,auto_label_match,Fuzzy label match to html:net-cash-provided-by-used-in-operating-activities (from PLUS_SEC-XBRL-financials_as-presented_10-Q_2025-08-07_0001140361-25-029644.xlsx)
cash_flow,us-gaap:CashProvidedByUsedInOperatingActivitiesDiscontinuedOperations,html:net-cash-provided-by-used-in-operating-activities,auto_label_match,Fuzzy label match to html:net-cash-provided-by-used-in-operating-activities (from PLUS_SEC-XBRL-financials_as-presented_10-Q_2025-08-07_0001140361-25-029644.xlsx)
cash_flow,us-gaap:NetCashProvidedByUsedInInvestingActivitiesContinuingOperations,html:net-cash-used-in-investing-activities,auto_label_match,Fuzzy label match to html:net-cash-used-in-investing-activities (from PLUS_SEC-XBRL-financials_as-presented_10-Q_2025-08-07_0001140361-25-029644.xlsx)
cash_flow,us-gaap:NetCashProvidedByUsedInFinancingActivitiesContinuingOperations,html:net-cash-provided-by-used-in-financing-activities,auto_label_match,Fuzzy label match to html:net-cash-provided-by-used-in-financing-activities (from PLUS_SEC-XBRL-financials_as-presented_10-Q_2025-08-07_0001140361-25-029644.xlsx)
cash_flow,us-gaap:GainLossOnSaleOfPropertyPlantEquipment,html:gain-on-disposal-of-property-equipment-and-leased-equipment,auto_label_match,Fuzzy label match to html:gain-on-disposal-of-property-equipment-and-leased-equipment (from PLUS_SEC-XBRL-financials_as-presented_10-Q_2026-02-04_0001140361-26-003725.xlsx)
cash_flow,us-gaap:PaymentsToAcquirePropertyPlantAndEquipment,html:purchases-of-property-equipment-and-operating-lease-equipment,auto_label_match,Fuzzy label match to html:purchases-of-property-equipment-and-operating-lease-equipment (from PLUS_SEC-XBRL-financials_as-presented_10-Q_2026-02-04_0001140361-26-003725.xlsx)
balance_sheet,html:commitments-and-contingencies-note-9,html:commitments-and-contingencies-note-9,auto_from_filing,Positioned after html:total-liabilities — added from PLUS_SEC-XBRL-financials_as-presented_10-K_2019-05-23_0001022408-19-000012.xlsx
balance_sheet,html:common-stock-01-per-share-par-value-25-000-shares-authorized-13-611-outstanding-at-march-31-2019-and-13-761-outstanding-at-march-31-2018,html:common-stock-01-per-share-par-value-25-000-shares-authorized-13-611-outstanding-at-march-31-2019-and-13-761-outstanding-at-march-31-2018,auto_from_filing,Positioned after html:preferred-stock-01-per-share-par-value-2-000-shares-authorized-none-outstanding — added from PLUS_SEC-XBRL-financials_as-presented_10-K_2019-05-23_0001022408-19-000012.xlsx
balance_sheet,html:treasury-stock-at-cost-693-shares-at-march-31-2019-and-467-shares-at-march-31-2018,html:treasury-stock-at-cost-693-shares-at-march-31-2019-and-467-shares-at-march-31-2018,auto_from_filing,Positioned after html:additional-paid-in-capital — added from PLUS_SEC-XBRL-financials_as-presented_10-K_2019-05-23_0001022408-19-000012.xlsx
balance_sheet,html:deferred-tax-asset-net,html:deferred-tax-asset-net,auto_from_filing,Positioned after html:financing-receivables-and-operating-leases-net — added from PLUS_SEC-XBRL-financials_as-presented_10-K_2021-05-21_0001022408-21-000014.xlsx
balance_sheet,html:preferred-stock-0-01-per-share-par-value-2-000-shares-authorized-none-outstanding,html:preferred-stock-0-01-per-share-par-value-2-000-shares-authorized-none-outstanding,auto_from_filing,Positioned after html:stockholders-equity — added from PLUS_SEC-XBRL-financials_as-presented_10-K_2021-05-21_0001022408-21-000014.xlsx
balance_sheet,html:common-stock-01-per-share-par-value-25-000-shares-authorized-13-503-outstanding-at-march-31-2021-and-13-500-outstanding-at-march-31-2020,html:common-stock-01-per-share-par-value-25-000-shares-authorized-13-503-outstanding-at-march-31-2021-and-13-500-outstanding-at-march-31-2020,auto_from_filing,Positioned after html:stockholders-equity — added from PLUS_SEC-XBRL-financials_as-presented_10-K_2021-05-21_0001022408-21-000014.xlsx
balance_sheet,html:treasury-stock-at-cost-993-shares-at-march-31-2021-and-896-shares-at-march-31-2020,html:treasury-stock-at-cost-993-shares-at-march-31-2021-and-896-shares-at-march-31-2020,auto_from_filing,Positioned after html:additional-paid-in-capital — added from PLUS_SEC-XBRL-financials_as-presented_10-K_2021-05-21_0001022408-21-000014.xlsx
balance_sheet,html:recourse-member,html:recourse-member,auto_from_filing,Positioned after html:total-liabilities-and-stockholders-equity — added from PLUS_SEC-XBRL-financials_as-presented_10-K_2021-05-21_0001022408-21-000014.xlsx
balance_sheet,html:notes-payable-current,html:notes-payable-current,auto_from_filing,Positioned after html:total-liabilities-and-stockholders-equity — added from PLUS_SEC-XBRL-financials_as-presented_10-K_2021-05-21_0001022408-21-000014.xlsx
balance_sheet,html:notes-payable-long-term,html:notes-payable-long-term,auto_from_filing,Positioned after html:total-liabilities-and-stockholders-equity — added from PLUS_SEC-XBRL-financials_as-presented_10-K_2021-05-21_0001022408-21-000014.xlsx
balance_sheet,html:non-recourse-member,html:non-recourse-member,auto_from_filing,Positioned after html:total-liabilities-and-stockholders-equity — added from PLUS_SEC-XBRL-financials_as-presented_10-K_2021-05-21_0001022408-21-000014.xlsx
balance_sheet,html:common-stock-0-01-per-share-par-value-50-000-shares-authorized-26-886-outstanding-at-march-31-2022-and-27-006-outstanding-at-march-31-2021,html:common-stock-0-01-per-share-par-value-50-000-shares-authorized-26-886-outstanding-at-march-31-2022-and-27-006-outstanding-at-march-31-2021,auto_from_filing,Positioned after html:preferred-stock-0-01-per-share-par-value-2-000-shares-authorized-none-outstanding — added from PLUS_SEC-XBRL-financials_as-presented_10-K_2022-05-26_0001140361-22-020620.xlsx
balance_sheet,html:treasury-stock-at-cost-130-shares-at-march-31-2022-and-1-987-shares-at-march-31-2021,html:treasury-stock-at-cost-130-shares-at-march-31-2022-and-1-987-shares-at-march-31-2021,auto_from_filing,Positioned after html:additional-paid-in-capital — added from PLUS_SEC-XBRL-financials_as-presented_10-K_2022-05-26_0001140361-22-020620.xlsx
balance_sheet,html:deferred-tax-asset,html:deferred-tax-asset,auto_from_filing,Positioned after html:financing-receivables-and-operating-leases-net — added from PLUS_SEC-XBRL-financials_as-presented_10-K_2023-05-25_0001140361-23-026454.xlsx
balance_sheet,html:deferred-tax-liability,html:deferred-tax-liability,auto_from_filing,Positioned after html:total-current-liabilities — added from PLUS_SEC-XBRL-financials_as-presented_10-K_2023-05-25_0001140361-23-026454.xlsx
balance_sheet,html:common-stock-0-01-per-share-par-value-50-000-shares-authorized-26-905-outstanding-at-march-31-2023-and-26-886-outstanding-at-march-31-2022,html:common-stock-0-01-per-share-par-value-50-000-shares-authorized-26-905-outstanding-at-march-31-2023-and-26-886-outstanding-at-march-31-2022,auto_from_filing,Positioned after html:preferred-stock-0-01-per-share-par-value-2-000-shares-authorized-none-outstanding — added from PLUS_SEC-XBRL-financials_as-presented_10-K_2023-05-25_0001140361-23-026454.xlsx
balance_sheet,html:treasury-stock-at-cost-261-shares-at-march-31-2023-and-130-shares-at-march-31-2022,html:treasury-stock-at-cost-261-shares-at-march-31-2023-and-130-shares-at-march-31-2022,auto_from_filing,Positioned after html:additional-paid-in-capital — added from PLUS_SEC-XBRL-financials_as-presented_10-K_2023-05-25_0001140361-23-026454.xlsx
balance_sheet,html:property-equipment-and-other-assets-net,html:property-equipment-and-other-assets-net,auto_from_filing,Positioned after html:deferred-tax-asset — added from PLUS_SEC-XBRL-financials_as-presented_10-K_2024-05-23_0001140361-24-027200.xlsx
balance_sheet,html:common-stock-0-01-per-share-par-value-50-000-shares-authorized-26-952-outstanding-at-march-31-2024-and-26-905-outstanding-at-march-31-2023,html:common-stock-0-01-per-share-par-value-50-000-shares-authorized-26-952-outstanding-at-march-31-2024-and-26-905-outstanding-at-march-31-2023,auto_from_filing,Positioned after html:preferred-stock-0-01-per-share-par-value-2-000-shares-authorized-none-outstanding — added from PLUS_SEC-XBRL-financials_as-presented_10-K_2024-05-23_0001140361-24-027200.xlsx
balance_sheet,html:treasury-stock-at-cost-447-shares-at-march-31-2024-and-261-shares-at-march-31-2023,html:treasury-stock-at-cost-447-shares-at-march-31-2024-and-261-shares-at-march-31-2023,auto_from_filing,Positioned after html:additional-paid-in-capital — added from PLUS_SEC-XBRL-financials_as-presented_10-K_2024-05-23_0001140361-24-027200.xlsx
cash_flow,html:proceeds-from-issuance-of-common-stock,us-gaap:ProceedsFromIssuanceOfCommonStock,auto_from_filing,Positioned after html:repayments-of-non-recourse-and-recourse-notes-payable — added from PLUS_SEC-XBRL-financials_as-presented_10-K_2024-05-23_0001140361-24-027200.xlsx; dedup_merged_into:us-gaap:ProceedsFromIssuanceOfCommonStock:similar_label_sparse
cash_flow,html:debt-derecognized-due-to-sales-of-financial-assets,html:debt-derecognized-due-to-sales-of-financial-assets,auto_from_filing,Positioned after html:borrowing-of-non-recourse-and-recourse-notes-payable — added from PLUS_SEC-XBRL-financials_as-presented_10-K_2024-05-23_0001140361-24-027200.xlsx
balance_sheet,html:deferred-tax-liability-long-term,html:deferred-tax-liability-long-term,auto_from_filing,Positioned after html:non-recourse-notes-payable-long-term — added from PLUS_SEC-XBRL-financials_as-presented_10-K_2025-05-22_0001140361-25-020204.xlsx
balance_sheet,html:common-stock-0-01-per-share-par-value-50-000-shares-authorized-26-526-outstanding-at-march-31-2025-and-26-952-outstanding-at-march-31-2024,html:common-stock-0-01-per-share-par-value-50-000-shares-authorized-26-526-outstanding-at-march-31-2025-and-26-952-outstanding-at-march-31-2024,auto_from_filing,Positioned after html:preferred-stock-0-01-per-share-par-value-2-000-shares-authorized-none-outstanding — added from PLUS_SEC-XBRL-financials_as-presented_10-K_2025-05-22_0001140361-25-020204.xlsx
balance_sheet,html:treasury-stock-at-cost-1-056-shares-at-march-31-2025-and-447-shares-at-march-31-2024,html:treasury-stock-at-cost-1-056-shares-at-march-31-2025-and-447-shares-at-march-31-2024,auto_from_filing,Positioned after html:additional-paid-in-capital — added from PLUS_SEC-XBRL-financials_as-presented_10-K_2025-05-22_0001140361-25-020204.xlsx
cash_flow,html:payments-to-settle-liabilities-for-acquisitions,us-gaap:PaymentForContingentConsiderationLiabilityFinancingActivities,auto_from_filing,Positioned after html:repurchase-of-common-stock — added from PLUS_SEC-XBRL-financials_as-presented_10-K_2025-05-22_0001140361-25-020204.xlsx; dedup_merged_into:us-gaap:PaymentForContingentConsiderationLiabilityFinancingActivities:similar_label_sparse
income_statement,html:continuing-operations-in-dollars-per-share,us-gaap:IncomeLossFromContinuingOperationsPerBasicShare,auto_from_filing,Positioned after html:net-earnings-per-common-share-basic-in-dollars-per-share — added from PLUS_SEC-XBRL-financials_as-presented_10-K_2026-05-28_0001140361-26-023171.xlsx; dedup_merged_into:us-gaap:IncomeLossFromContinuingOperationsPerBasicShare:similar_label_sparse
income_statement,html:discontinued-operations-in-dollars-per-share,us-gaap:IncomeLossFromDiscontinuedOperationsNetOfTax,auto_from_filing,Positioned after html:net-earnings-per-common-share-basic-in-dollars-per-share — added from PLUS_SEC-XBRL-financials_as-presented_10-K_2026-05-28_0001140361-26-023171.xlsx; dedup_merged_into:us-gaap:IncomeLossFromDiscontinuedOperationsNetOfTax:similar_label_sparse
balance_sheet,html:current-assets-of-discontinued-operations,html:current-assets-of-discontinued-operations,auto_from_filing,Positioned after html:other-current-assets — added from PLUS_SEC-XBRL-financials_as-presented_10-K_2026-05-28_0001140361-26-023171.xlsx
balance_sheet,html:non-current-assets-of-discontinued-operations,html:non-current-assets-of-discontinued-operations,auto_from_filing,Positioned after html:other-intangible-assets-net — added from PLUS_SEC-XBRL-financials_as-presented_10-K_2026-05-28_0001140361-26-023171.xlsx
balance_sheet,html:current-liabilities-of-discontinued-operations,html:current-liabilities-of-discontinued-operations,auto_from_filing,Positioned after html:other-current-liabilities — added from PLUS_SEC-XBRL-financials_as-presented_10-K_2026-05-28_0001140361-26-023171.xlsx
balance_sheet,html:deferred-revenue-long-term,html:deferred-revenue-long-term,auto_from_filing,Positioned after html:deferred-tax-liability-long-term — added from PLUS_SEC-XBRL-financials_as-presented_10-K_2026-05-28_0001140361-26-023171.xlsx
balance_sheet,html:non-current-liabilities-of-discontinued-operations,html:non-current-liabilities-of-discontinued-operations,auto_from_filing,Positioned after html:other-liabilities — added from PLUS_SEC-XBRL-financials_as-presented_10-K_2026-05-28_0001140361-26-023171.xlsx
balance_sheet,html:commitments-and-contingencies-note-11,html:commitments-and-contingencies-note-11,auto_from_filing,Positioned after html:total-liabilities — added from PLUS_SEC-XBRL-financials_as-presented_10-K_2026-05-28_0001140361-26-023171.xlsx
balance_sheet,html:common-stock-0-01-per-share-par-value-50-000-shares-authorized-27-765-shares-issued-and-26-299-outstanding-at-march-31-2026-and-27-582-shares-issued-and-26-526-outstanding-at-march-31-2025,html:common-stock-0-01-per-share-par-value-50-000-shares-authorized-27-765-shares-issued-and-26-299-outstanding-at-march-31-2026-and-27-582-shares-issued-and-26-526-outstanding-at-march-31-2025,auto_from_filing,Positioned after html:preferred-stock-0-01-per-share-par-value-2-000-shares-authorized-none-outstanding — added from PLUS_SEC-XBRL-financials_as-presented_10-K_2026-05-28_0001140361-26-023171.xlsx
balance_sheet,html:treasury-stock-at-cost-1-466-shares-at-march-31-2026-and-1-056-shares-at-march-31-2025,html:treasury-stock-at-cost-1-466-shares-at-march-31-2026-and-1-056-shares-at-march-31-2025,auto_from_filing,Positioned after html:additional-paid-in-capital — added from PLUS_SEC-XBRL-financials_as-presented_10-K_2026-05-28_0001140361-26-023171.xlsx
cash_flow,html:net-cash-used-in-investing-activities-of-continuing-operations,html:net-cash-used-in-investing-activities-of-continuing-operations,auto_from_filing,Positioned after html:cash-used-in-acquisitions-net-of-cash-acquired — added from PLUS_SEC-XBRL-financials_as-presented_10-K_2026-05-28_0001140361-26-023171.xlsx
cash_flow,html:net-cash-provided-by-used-in-investing-activities-of-discontinued-operations,html:net-cash-used-in-investing-activities,auto_from_filing,Positioned after html:cash-used-in-acquisitions-net-of-cash-acquired — added from PLUS_SEC-XBRL-financials_as-presented_10-K_2026-05-28_0001140361-26-023171.xlsx; dedup_merged_into:html:net-cash-used-in-investing-activities:similar_label_sparse
cash_flow,html:dividend-payments,us-gaap:PaymentsOfDividends,auto_from_filing,Positioned after html:repurchase-of-common-stock — added from PLUS_SEC-XBRL-financials_as-presented_10-K_2026-05-28_0001140361-26-023171.xlsx; dedup_merged_into:us-gaap:PaymentsOfDividends:similar_label_empty
cash_flow,html:net-cash-used-in-financing-activities-of-continuing-operations,html:net-cash-used-in-investing-activities-of-continuing-operations,auto_from_filing,Positioned after html:net-borrowings-repayments-on-floor-plan-facility — added from PLUS_SEC-XBRL-financials_as-presented_10-K_2026-05-28_0001140361-26-023171.xlsx; dedup_merged_into:html:net-cash-used-in-investing-activities-of-continuing-operations:similar_label_empty
balance_sheet,html:liabilities-and-stockholders-equity,html:liabilities-and-stockholders-equity,auto_from_filing,Positioned after html:total-assets — added from PLUS_SEC-XBRL-financials_as-presented_10-Q_2019-02-07_0001022408-19-000006.xlsx
balance_sheet,html:liabilities,html:liabilities,auto_from_filing,Positioned after html:total-assets — added from PLUS_SEC-XBRL-financials_as-presented_10-Q_2019-02-07_0001022408-19-000006.xlsx
balance_sheet,html:common-stock-01-per-share-par-value-25-000-shares-authorized-13-640-outstanding-at-december-31-2018-and-13-761-outstanding-at-march-31-2018,html:common-stock-01-per-share-par-value-25-000-shares-authorized-13-640-outstanding-at-december-31-2018-and-13-761-outstanding-at-march-31-2018,auto_from_filing,Positioned after html:preferred-stock-01-per-share-par-value-2-000-shares-authorized-none-outstanding — added from PLUS_SEC-XBRL-financials_as-presented_10-Q_2019-02-07_0001022408-19-000006.xlsx
balance_sheet,html:treasury-stock-at-cost-664-shares-at-december-31-2018-and-467-shares-at-march-31-2018,html:treasury-stock-at-cost-664-shares-at-december-31-2018-and-467-shares-at-march-31-2018,auto_from_filing,Positioned after html:additional-paid-in-capital — added from PLUS_SEC-XBRL-financials_as-presented_10-Q_2019-02-07_0001022408-19-000006.xlsx
balance_sheet,us-gaap:CashAndCashEquivalentsAtCarryingValue,us-gaap:CashAndCashEquivalentsAtCarryingValue,auto_from_filing,No anchor — added from PLUS_SEC-XBRL-financials_as-presented_10-Q_2019-08-08_0001140361-19-014491.xlsx
balance_sheet,us-gaap:AccountsReceivableNetCurrent,us-gaap:AccountsReceivableNetCurrent,auto_from_filing,No anchor — added from PLUS_SEC-XBRL-financials_as-presented_10-Q_2019-08-08_0001140361-19-014491.xlsx
balance_sheet,us-gaap:AccountsAndOtherReceivablesNetCurrent,us-gaap:AccountsAndOtherReceivablesNetCurrent,auto_from_filing,No anchor — added from PLUS_SEC-XBRL-financials_as-presented_10-Q_2019-08-08_0001140361-19-014491.xlsx
balance_sheet,us-gaap:InventoryNet,us-gaap:InventoryNet,auto_from_filing,No anchor — added from PLUS_SEC-XBRL-financials_as-presented_10-Q_2019-08-08_0001140361-19-014491.xlsx
balance_sheet,us-gaap:CapitalLeasesLessorBalanceSheetNetInvestmentInDirectFinancingAndSalesTypeLeasesCurrent,us-gaap:CapitalLeasesLessorBalanceSheetNetInvestmentInDirectFinancingAndSalesTypeLeasesCurrent,auto_from_filing,No anchor — added from PLUS_SEC-XBRL-financials_as-presented_10-Q_2019-08-08_0001140361-19-014491.xlsx
balance_sheet,us-gaap:DeferredCostsCurrent,us-gaap:DeferredCostsCurrent,auto_from_filing,No anchor — added from PLUS_SEC-XBRL-financials_as-presented_10-Q_2019-08-08_0001140361-19-014491.xlsx
balance_sheet,us-gaap:OtherAssetsCurrent,us-gaap:OtherAssetsCurrent,auto_from_filing,No anchor — added from PLUS_SEC-XBRL-financials_as-presented_10-Q_2019-08-08_0001140361-19-014491.xlsx
balance_sheet,us-gaap:AssetsCurrent,us-gaap:AssetsCurrent,auto_from_filing,No anchor — added from PLUS_SEC-XBRL-financials_as-presented_10-Q_2019-08-08_0001140361-19-014491.xlsx
balance_sheet,plus:NotesAndLoansReceivableAndOperatingLeasesNetNoncurrent,plus:NotesAndLoansReceivableAndOperatingLeasesNetNoncurrent,auto_from_filing,No anchor — added from PLUS_SEC-XBRL-financials_as-presented_10-Q_2019-08-08_0001140361-19-014491.xlsx
balance_sheet,us-gaap:OtherAssetsNoncurrent,us-gaap:OtherAssetsNoncurrent,auto_from_filing,No anchor — added from PLUS_SEC-XBRL-financials_as-presented_10-Q_2019-08-08_0001140361-19-014491.xlsx
balance_sheet,us-gaap:Goodwill,us-gaap:Goodwill,auto_from_filing,No anchor — added from PLUS_SEC-XBRL-financials_as-presented_10-Q_2019-08-08_0001140361-19-014491.xlsx
balance_sheet,us-gaap:OtherIntangibleAssetsNet,us-gaap:OtherIntangibleAssetsNet,auto_from_filing,No anchor — added from PLUS_SEC-XBRL-financials_as-presented_10-Q_2019-08-08_0001140361-19-014491.xlsx
balance_sheet,us-gaap:Assets,us-gaap:Assets,auto_from_filing,No anchor — added from PLUS_SEC-XBRL-financials_as-presented_10-Q_2019-08-08_0001140361-19-014491.xlsx
balance_sheet,us-gaap:AccountsPayableCurrent,us-gaap:AccountsPayableCurrent,auto_from_filing,Positioned after html:current-liabilities — added from PLUS_SEC-XBRL-financials_as-presented_10-Q_2019-08-08_0001140361-19-014491.xlsx
balance_sheet,plus:AccountsPayableFloorPlan,plus:AccountsPayableFloorPlan,auto_from_filing,Positioned after html:current-liabilities — added from PLUS_SEC-XBRL-financials_as-presented_10-Q_2019-08-08_0001140361-19-014491.xlsx
balance_sheet,us-gaap:EmployeeRelatedLiabilitiesCurrent,us-gaap:EmployeeRelatedLiabilitiesCurrent,auto_from_filing,Positioned after html:current-liabilities — added from PLUS_SEC-XBRL-financials_as-presented_10-Q_2019-08-08_0001140361-19-014491.xlsx
balance_sheet,us-gaap:DeferredRevenueCurrent,us-gaap:DeferredRevenueCurrent,auto_from_filing,Positioned after html:current-liabilities — added from PLUS_SEC-XBRL-financials_as-presented_10-Q_2019-08-08_0001140361-19-014491.xlsx
balance_sheet,plus:RecourseNotesPayableCurrent,plus:RecourseNotesPayableCurrent,auto_from_filing,Positioned after html:current-liabilities — added from PLUS_SEC-XBRL-financials_as-presented_10-Q_2019-08-08_0001140361-19-014491.xlsx
balance_sheet,plus:NonrecourseNotesPayableCurrent,plus:NonrecourseNotesPayableCurrent,auto_from_filing,Positioned after html:current-liabilities — added from PLUS_SEC-XBRL-financials_as-presented_10-Q_2019-08-08_0001140361-19-014491.xlsx
balance_sheet,us-gaap:OtherLiabilitiesCurrent,us-gaap:OtherLiabilitiesCurrent,auto_from_filing,Positioned after html:current-liabilities — added from PLUS_SEC-XBRL-financials_as-presented_10-Q_2019-08-08_0001140361-19-014491.xlsx
balance_sheet,us-gaap:LiabilitiesCurrent,us-gaap:LiabilitiesCurrent,auto_from_filing,Positioned after html:current-liabilities — added from PLUS_SEC-XBRL-financials_as-presented_10-Q_2019-08-08_0001140361-19-014491.xlsx
balance_sheet,plus:NonrecourseNotesPayableNonCurrent,plus:NonrecourseNotesPayableNonCurrent,auto_from_filing,Positioned after html:current-liabilities — added from PLUS_SEC-XBRL-financials_as-presented_10-Q_2019-08-08_0001140361-19-014491.xlsx
balance_sheet,us-gaap:DeferredTaxLiabilitiesNoncurrent,us-gaap:DeferredTaxLiabilitiesNoncurrent,auto_from_filing,Positioned after html:current-liabilities — added from PLUS_SEC-XBRL-financials_as-presented_10-Q_2019-08-08_0001140361-19-014491.xlsx
balance_sheet,us-gaap:OtherLiabilitiesNoncurrent,us-gaap:OtherLiabilitiesNoncurrent,auto_from_filing,Positioned after html:current-liabilities — added from PLUS_SEC-XBRL-financials_as-presented_10-Q_2019-08-08_0001140361-19-014491.xlsx
balance_sheet,us-gaap:Liabilities,us-gaap:Liabilities,auto_from_filing,Positioned after html:current-liabilities — added from PLUS_SEC-XBRL-financials_as-presented_10-Q_2019-08-08_0001140361-19-014491.xlsx
balance_sheet,us-gaap:PreferredStockValue,us-gaap:PreferredStockValue,auto_from_filing,Positioned after html:stockholders-equity — added from PLUS_SEC-XBRL-financials_as-presented_10-Q_2019-08-08_0001140361-19-014491.xlsx
balance_sheet,us-gaap:CommonStockValue,us-gaap:CommonStockValue,auto_from_filing,Positioned after html:stockholders-equity — added from PLUS_SEC-XBRL-financials_as-presented_10-Q_2019-08-08_0001140361-19-014491.xlsx
balance_sheet,us-gaap:AdditionalPaidInCapital,us-gaap:AdditionalPaidInCapital,auto_from_filing,Positioned after html:stockholders-equity — added from PLUS_SEC-XBRL-financials_as-presented_10-Q_2019-08-08_0001140361-19-014491.xlsx
balance_sheet,us-gaap:TreasuryStockValue,us-gaap:TreasuryStockValue,auto_from_filing,Positioned after html:stockholders-equity — added from PLUS_SEC-XBRL-financials_as-presented_10-Q_2019-08-08_0001140361-19-014491.xlsx
balance_sheet,us-gaap:RetainedEarningsAccumulatedDeficit,us-gaap:RetainedEarningsAccumulatedDeficit,auto_from_filing,Positioned after html:stockholders-equity — added from PLUS_SEC-XBRL-financials_as-presented_10-Q_2019-08-08_0001140361-19-014491.xlsx
balance_sheet,us-gaap:AccumulatedOtherComprehensiveIncomeLossForeignCurrencyTranslationAdjustmentNetOfTax,us-gaap:AccumulatedOtherComprehensiveIncomeLossForeignCurrencyTranslationAdjustmentNetOfTax,auto_from_filing,Positioned after html:stockholders-equity — added from PLUS_SEC-XBRL-financials_as-presented_10-Q_2019-08-08_0001140361-19-014491.xlsx
balance_sheet,us-gaap:StockholdersEquity,us-gaap:StockholdersEquity,auto_from_filing,Positioned after html:stockholders-equity — added from PLUS_SEC-XBRL-financials_as-presented_10-Q_2019-08-08_0001140361-19-014491.xlsx
balance_sheet,us-gaap:LiabilitiesAndStockholdersEquity,us-gaap:LiabilitiesAndStockholdersEquity,auto_from_filing,Positioned after html:stockholders-equity — added from PLUS_SEC-XBRL-financials_as-presented_10-Q_2019-08-08_0001140361-19-014491.xlsx
balance_sheet,us-gaap:CommitmentsAndContingencies,us-gaap:CommitmentsAndContingencies,auto_from_filing,Positioned after us-gaap:Liabilities — added from PLUS_SEC-XBRL-financials_as-presented_10-Q_2019-11-07_0001140361-19-019952.xlsx
balance_sheet,us-gaap:DeferredIncomeTaxLiabilitiesNet,us-gaap:DeferredIncomeTaxLiabilitiesNet,auto_from_filing,Positioned after plus:NonrecourseNotesPayableNonCurrent — added from PLUS_SEC-XBRL-financials_as-presented_10-Q_2020-02-06_0001022408-20-000004.xlsx
balance_sheet,us-gaap:NetInvestmentInLeaseCurrent,us-gaap:NetInvestmentInLeaseCurrent,auto_from_filing,Positioned after us-gaap:InventoryNet — added from PLUS_SEC-XBRL-financials_as-presented_10-Q_2020-08-06_0001022408-20-000027.xlsx
balance_sheet,us-gaap:SalesTypeLeaseNetInvestmentInLeaseAfterAllowanceForCreditLossCurrent,us-gaap:SalesTypeLeaseNetInvestmentInLeaseAfterAllowanceForCreditLossCurrent,auto_from_filing,Positioned after us-gaap:InventoryNet — added from PLUS_SEC-XBRL-financials_as-presented_10-Q_2021-08-05_0001140361-21-026966.xlsx
balance_sheet,us-gaap:DeferredIncomeTaxAssetsNet,us-gaap:DeferredIncomeTaxAssetsNet,auto_from_filing,Positioned after plus:NotesAndLoansReceivableAndOperatingLeasesNetNoncurrent — added from PLUS_SEC-XBRL-financials_as-presented_10-Q_2021-08-05_0001140361-21-026966.xlsx
balance_sheet,us-gaap:LongTermNotesPayable,us-gaap:LongTermNotesPayable,auto_from_filing,Positioned after us-gaap:LiabilitiesCurrent — added from PLUS_SEC-XBRL-financials_as-presented_10-Q_2021-08-05_0001140361-21-026966.xlsx
balance_sheet,html:commitments-and-contingencies-note-8,html:commitments-and-contingencies-note-8,auto_from_filing,Positioned after us-gaap:Liabilities — added from PLUS_SEC-XBRL-financials_as-presented_10-Q_2022-08-04_0001140361-22-028077.xlsx
balance_sheet,us-gaap:IntangibleAssetsNetExcludingGoodwill,us-gaap:IntangibleAssetsNetExcludingGoodwill,auto_from_filing,Positioned after us-gaap:Goodwill — added from PLUS_SEC-XBRL-financials_as-presented_10-Q_2022-11-03_0001140361-22-039874.xlsx
balance_sheet,us-gaap:ContractWithCustomerLiabilityCurrent,us-gaap:ContractWithCustomerLiabilityCurrent,auto_from_filing,Positioned after us-gaap:EmployeeRelatedLiabilitiesCurrent — added from PLUS_SEC-XBRL-financials_as-presented_10-Q_2022-11-03_0001140361-22-039874.xlsx
balance_sheet,us-gaap:NotesPayableCurrent,us-gaap:NotesPayableCurrent,auto_from_filing,Positioned after us-gaap:EmployeeRelatedLiabilitiesCurrent — added from PLUS_SEC-XBRL-financials_as-presented_10-Q_2022-11-03_0001140361-22-039874.xlsx
cash_flow,us-gaap:ProceedsFromIssuanceOfCommonStock,us-gaap:ProceedsFromIssuanceOfCommonStock,auto_from_filing,Positioned after html:repayments-of-non-recourse-and-recourse-notes-payable — added from PLUS_SEC-XBRL-financials_as-presented_10-Q_2023-08-07_0001140361-23-038366.xlsx
cash_flow,us-gaap:PaymentForContingentConsiderationLiabilityFinancingActivities,us-gaap:PaymentForContingentConsiderationLiabilityFinancingActivities,auto_from_filing,Positioned after html:repurchase-of-common-stock — added from PLUS_SEC-XBRL-financials_as-presented_10-Q_2024-08-07_0001140361-24-035956.xlsx
balance_sheet,us-gaap:NotesAndLoansReceivableNetCurrent,us-gaap:NotesAndLoansReceivableNetCurrent,auto_from_filing,Positioned after us-gaap:InventoryNet — added from PLUS_SEC-XBRL-financials_as-presented_10-Q_2025-02-06_0001140361-25-003227.xlsx
balance_sheet,us-gaap:DeferredFuelCost,us-gaap:DeferredFuelCost,auto_from_filing,Positioned after us-gaap:InventoryNet — added from PLUS_SEC-XBRL-financials_as-presented_10-Q_2025-02-06_0001140361-25-003227.xlsx
balance_sheet,us-gaap:PropertyPlantAndEquipmentNet,us-gaap:PropertyPlantAndEquipmentNet,auto_from_filing,Positioned after us-gaap:DeferredIncomeTaxAssetsNet — added from PLUS_SEC-XBRL-financials_as-presented_10-Q_2025-02-06_0001140361-25-003227.xlsx
balance_sheet,us-gaap:OtherLiabilities,us-gaap:OtherLiabilities,auto_from_filing,Positioned after us-gaap:LongTermNotesPayable — added from PLUS_SEC-XBRL-financials_as-presented_10-Q_2025-02-06_0001140361-25-003227.xlsx
income_statement,us-gaap:IncomeLossFromDiscontinuedOperationsNetOfTax,us-gaap:IncomeLossFromDiscontinuedOperationsNetOfTax,auto_from_filing,Positioned after html:net-earnings — added from PLUS_SEC-XBRL-financials_as-presented_10-Q_2025-08-07_0001140361-25-029644.xlsx
income_statement,us-gaap:IncomeLossFromContinuingOperationsPerBasicShare,us-gaap:IncomeLossFromContinuingOperationsPerBasicShare,auto_from_filing,Positioned after html:net-earnings-per-common-share-basic-in-dollars-per-share — added from PLUS_SEC-XBRL-financials_as-presented_10-Q_2025-08-07_0001140361-25-029644.xlsx
income_statement,us-gaap:IncomeLossFromDiscontinuedOperationsNetOfTaxPerBasicShare,us-gaap:IncomeLossFromDiscontinuedOperationsNetOfTaxPerDilutedShare,auto_from_filing,Positioned after html:net-earnings-per-common-share-basic-in-dollars-per-share — added from PLUS_SEC-XBRL-financials_as-presented_10-Q_2025-08-07_0001140361-25-029644.xlsx; dedup_merged_into:us-gaap:IncomeLossFromDiscontinuedOperationsNetOfTaxPerDilutedShare:value_signature_equivalence
income_statement,us-gaap:IncomeLossFromContinuingOperationsPerDilutedShare,us-gaap:IncomeLossFromContinuingOperationsPerDilutedShare,auto_from_filing,Positioned after html:net-earnings-per-common-share-diluted-in-dollars-per-share — added from PLUS_SEC-XBRL-financials_as-presented_10-Q_2025-08-07_0001140361-25-029644.xlsx
income_statement,us-gaap:IncomeLossFromDiscontinuedOperationsNetOfTaxPerDilutedShare,us-gaap:IncomeLossFromDiscontinuedOperationsNetOfTaxPerDilutedShare,auto_from_filing,Positioned after html:net-earnings-per-common-share-diluted-in-dollars-per-share — added from PLUS_SEC-XBRL-financials_as-presented_10-Q_2025-08-07_0001140361-25-029644.xlsx
balance_sheet,us-gaap:AssetsOfDisposalGroupIncludingDiscontinuedOperationCurrent,us-gaap:AssetsOfDisposalGroupIncludingDiscontinuedOperationCurrent,auto_from_filing,Positioned after us-gaap:OtherAssetsCurrent — added from PLUS_SEC-XBRL-financials_as-presented_10-Q_2025-08-07_0001140361-25-029644.xlsx
balance_sheet,us-gaap:DisposalGroupIncludingDiscontinuedOperationAssetsNoncurrent,us-gaap:DisposalGroupIncludingDiscontinuedOperationAssetsNoncurrent,auto_from_filing,Positioned after us-gaap:IntangibleAssetsNetExcludingGoodwill — added from PLUS_SEC-XBRL-financials_as-presented_10-Q_2025-08-07_0001140361-25-029644.xlsx
balance_sheet,us-gaap:LiabilitiesOfDisposalGroupIncludingDiscontinuedOperationCurrent,us-gaap:LiabilitiesOfDisposalGroupIncludingDiscontinuedOperationCurrent,auto_from_filing,Positioned after us-gaap:OtherLiabilitiesCurrent — added from PLUS_SEC-XBRL-financials_as-presented_10-Q_2025-08-07_0001140361-25-029644.xlsx
balance_sheet,us-gaap:DeferredRevenueNoncurrent,us-gaap:DeferredRevenueNoncurrent,auto_from_filing,Positioned after us-gaap:DeferredIncomeTaxLiabilitiesNet — added from PLUS_SEC-XBRL-financials_as-presented_10-Q_2025-08-07_0001140361-25-029644.xlsx
balance_sheet,us-gaap:LiabilitiesOfDisposalGroupIncludingDiscontinuedOperationNoncurrent,us-gaap:LiabilitiesOfDisposalGroupIncludingDiscontinuedOperationNoncurrent,auto_from_filing,Positioned after us-gaap:OtherLiabilities — added from PLUS_SEC-XBRL-financials_as-presented_10-Q_2025-08-07_0001140361-25-029644.xlsx
cash_flow,us-gaap:IncomeLossFromDiscontinuedOperationsNetOfTax,us-gaap:IncomeLossFromDiscontinuedOperationsNetOfTax,auto_from_filing,Positioned after html:net-earnings — added from PLUS_SEC-XBRL-financials_as-presented_10-Q_2025-08-07_0001140361-25-029644.xlsx
cash_flow,us-gaap:CashProvidedByUsedInInvestingActivitiesDiscontinuedOperations,us-gaap:CashProvidedByUsedInInvestingActivitiesDiscontinuedOperations,auto_from_filing,Positioned after html:net-cash-used-in-investing-activities — added from PLUS_SEC-XBRL-financials_as-presented_10-Q_2025-08-07_0001140361-25-029644.xlsx
cash_flow,us-gaap:CashProvidedByUsedInFinancingActivitiesDiscontinuedOperations,us-gaap:CashProvidedByUsedInFinancingActivitiesDiscontinuedOperations,auto_from_filing,Positioned after html:net-cash-provided-by-used-in-financing-activities — added from PLUS_SEC-XBRL-financials_as-presented_10-Q_2025-08-07_0001140361-25-029644.xlsx
cash_flow,us-gaap:PaymentsOfDividends,us-gaap:PaymentsOfDividends,auto_from_filing,Positioned after html:repurchase-of-common-stock — added from PLUS_SEC-XBRL-financials_as-presented_10-Q_2025-11-06_0001140361-25-040814.xlsx
