statement_type,canonical_row_id,period,value,source_file,source_sheet,source_column,raw_concept,resolution
cash_flow,html:non-cash-operating-lease-expense,2Q19,10.993,SCVL_SEC-XBRL-financials_as-presented_10-Q_2019-06-11_0001564590-19-022235.xlsx,Cash Flow,"Thirteen Weeks Ended May 4, 2019",html:non-cash-operating-lease-expense,Kept period-primary filing SCVL_SEC-XBRL-financials_as-presented_10-Q_2019-06-11_0001564590-19-022235.xlsx
cash_flow,html:non-cash-operating-lease-expense,2Q19,-0.8599999999999994,SCVL_SEC-XBRL-financials_as-presented_10-Q_2020-06-04_0001564590-20-028394.xlsx,Cash Flow,"Thirteen Weeks Ended May 4, 2019",scvl:IncreaseDecreaseInOperatingLeaseLiabilities + scvl:NonCashOperatingLeaseExpense,Kept period-primary filing SCVL_SEC-XBRL-financials_as-presented_10-Q_2019-06-11_0001564590-19-022235.xlsx
cash_flow,html:other,2Q19,1.278,SCVL_SEC-XBRL-financials_as-presented_10-Q_2019-06-11_0001564590-19-022235.xlsx,Cash Flow,"Thirteen Weeks Ended May 4, 2019",html:other,Kept period-primary filing SCVL_SEC-XBRL-financials_as-presented_10-Q_2019-06-11_0001564590-19-022235.xlsx
cash_flow,html:other,2Q19,1.281,SCVL_SEC-XBRL-financials_as-presented_10-Q_2020-06-04_0001564590-20-028394.xlsx,Cash Flow,"Thirteen Weeks Ended May 4, 2019",us-gaap:OtherNoncashIncomeExpense + us-gaap:PaymentsForProceedsFromOtherInvestingActivities,Kept period-primary filing SCVL_SEC-XBRL-financials_as-presented_10-Q_2019-06-11_0001564590-19-022235.xlsx
cash_flow,html:non-cash-operating-lease-expense,3Q19,20.352,SCVL_SEC-XBRL-financials_as-presented_10-Q_2019-09-09_0001564590-19-034363.xlsx,Cash Flow,"Twenty-six Weeks Ended August 3, 2019",html:non-cash-operating-lease-expense,Kept period-primary filing SCVL_SEC-XBRL-financials_as-presented_10-Q_2019-09-09_0001564590-19-034363.xlsx
cash_flow,html:non-cash-operating-lease-expense,3Q19,-2.9939999999999998,SCVL_SEC-XBRL-financials_as-presented_10-Q_2020-09-04_0001564590-20-042635.xlsx,Cash Flow,"Twenty-six Weeks Ended August 3, 2019",scvl:IncreaseDecreaseInOperatingLeaseLiabilities + scvl:NonCashOperatingLeaseExpense,Kept period-primary filing SCVL_SEC-XBRL-financials_as-presented_10-Q_2019-09-09_0001564590-19-034363.xlsx
cash_flow,html:other,3Q19,1.643,SCVL_SEC-XBRL-financials_as-presented_10-Q_2019-09-09_0001564590-19-034363.xlsx,Cash Flow,"Twenty-six Weeks Ended August 3, 2019",html:other,Kept period-primary filing SCVL_SEC-XBRL-financials_as-presented_10-Q_2019-09-09_0001564590-19-034363.xlsx
cash_flow,html:other,3Q19,1.651,SCVL_SEC-XBRL-financials_as-presented_10-Q_2020-09-04_0001564590-20-042635.xlsx,Cash Flow,"Twenty-six Weeks Ended August 3, 2019",us-gaap:OtherNoncashIncomeExpense + us-gaap:PaymentsForProceedsFromOtherInvestingActivities,Kept period-primary filing SCVL_SEC-XBRL-financials_as-presented_10-Q_2019-09-09_0001564590-19-034363.xlsx
cash_flow,html:non-cash-operating-lease-expense,4Q19,30.932,SCVL_SEC-XBRL-financials_as-presented_10-Q_2019-12-05_0001564590-19-045362.xlsx,Cash Flow,"Thirty-nine Weeks Ended November 2, 2019",html:non-cash-operating-lease-expense,Kept period-primary filing SCVL_SEC-XBRL-financials_as-presented_10-Q_2019-12-05_0001564590-19-045362.xlsx
cash_flow,html:non-cash-operating-lease-expense,4Q19,-3.3739999999999988,SCVL_SEC-XBRL-financials_as-presented_10-Q_2020-12-04_0001564590-20-056128.xlsx,Cash Flow,"Thirty-nine Weeks Ended November 2, 2019",scvl:IncreaseDecreaseInOperatingLeaseLiabilities + scvl:NonCashOperatingLeaseExpense,Kept period-primary filing SCVL_SEC-XBRL-financials_as-presented_10-Q_2019-12-05_0001564590-19-045362.xlsx
cash_flow,html:other,4Q19,1.111,SCVL_SEC-XBRL-financials_as-presented_10-Q_2019-12-05_0001564590-19-045362.xlsx,Cash Flow,"Thirty-nine Weeks Ended November 2, 2019",html:other,Kept period-primary filing SCVL_SEC-XBRL-financials_as-presented_10-Q_2019-12-05_0001564590-19-045362.xlsx
cash_flow,html:other,4Q19,1.119,SCVL_SEC-XBRL-financials_as-presented_10-Q_2020-12-04_0001564590-20-056128.xlsx,Cash Flow,"Thirty-nine Weeks Ended November 2, 2019",us-gaap:OtherNoncashIncomeExpense + us-gaap:PaymentsForProceedsFromOtherInvestingActivities,Kept period-primary filing SCVL_SEC-XBRL-financials_as-presented_10-Q_2019-12-05_0001564590-19-045362.xlsx
income_statement,us-gaap:EarningsPerShareBasic,3Q20,0.71,SCVL_SEC-XBRL-financials_as-presented_10-Q_2020-09-04_0001564590-20-042635.xlsx,Income Statement,"Thirteen Weeks Ended August 1, 2020",us-gaap:EarningsPerShareBasic,Kept period-primary filing SCVL_SEC-XBRL-financials_as-presented_10-Q_2020-09-04_0001564590-20-042635.xlsx
income_statement,us-gaap:EarningsPerShareBasic,3Q20,0.36,SCVL_SEC-XBRL-financials_as-presented_10-Q_2021-09-03_0001564590-21-047056.xlsx,Income Statement,"Thirteen Weeks Ended August 1, 2020",us-gaap:EarningsPerShareBasic,Kept period-primary filing SCVL_SEC-XBRL-financials_as-presented_10-Q_2020-09-04_0001564590-20-042635.xlsx
income_statement,us-gaap:EarningsPerShareDiluted,3Q20,0.71,SCVL_SEC-XBRL-financials_as-presented_10-Q_2020-09-04_0001564590-20-042635.xlsx,Income Statement,"Thirteen Weeks Ended August 1, 2020",us-gaap:EarningsPerShareDiluted,Kept period-primary filing SCVL_SEC-XBRL-financials_as-presented_10-Q_2020-09-04_0001564590-20-042635.xlsx
income_statement,us-gaap:EarningsPerShareDiluted,3Q20,0.35,SCVL_SEC-XBRL-financials_as-presented_10-Q_2021-09-03_0001564590-21-047056.xlsx,Income Statement,"Thirteen Weeks Ended August 1, 2020",us-gaap:EarningsPerShareDiluted,Kept period-primary filing SCVL_SEC-XBRL-financials_as-presented_10-Q_2020-09-04_0001564590-20-042635.xlsx
income_statement,us-gaap:WeightedAverageNumberOfSharesOutstandingBasic,3Q20,14.088,SCVL_SEC-XBRL-financials_as-presented_10-Q_2020-09-04_0001564590-20-042635.xlsx,Income Statement,"Thirteen Weeks Ended August 1, 2020",us-gaap:WeightedAverageNumberOfSharesOutstandingBasic,Kept period-primary filing SCVL_SEC-XBRL-financials_as-presented_10-Q_2020-09-04_0001564590-20-042635.xlsx
income_statement,us-gaap:WeightedAverageNumberOfSharesOutstandingBasic,3Q20,28.175,SCVL_SEC-XBRL-financials_as-presented_10-Q_2021-09-03_0001564590-21-047056.xlsx,Income Statement,"Thirteen Weeks Ended August 1, 2020",us-gaap:WeightedAverageNumberOfSharesOutstandingBasic,Kept period-primary filing SCVL_SEC-XBRL-financials_as-presented_10-Q_2020-09-04_0001564590-20-042635.xlsx
income_statement,us-gaap:WeightedAverageNumberOfDilutedSharesOutstanding,3Q20,14.215,SCVL_SEC-XBRL-financials_as-presented_10-Q_2020-09-04_0001564590-20-042635.xlsx,Income Statement,"Thirteen Weeks Ended August 1, 2020",us-gaap:WeightedAverageNumberOfDilutedSharesOutstanding,Kept period-primary filing SCVL_SEC-XBRL-financials_as-presented_10-Q_2020-09-04_0001564590-20-042635.xlsx
income_statement,us-gaap:WeightedAverageNumberOfDilutedSharesOutstanding,3Q20,28.429,SCVL_SEC-XBRL-financials_as-presented_10-Q_2021-09-03_0001564590-21-047056.xlsx,Income Statement,"Thirteen Weeks Ended August 1, 2020",us-gaap:WeightedAverageNumberOfDilutedSharesOutstanding,Kept period-primary filing SCVL_SEC-XBRL-financials_as-presented_10-Q_2020-09-04_0001564590-20-042635.xlsx
balance_sheet,us-gaap:CommonStockValue,3Q20,0.205,SCVL_SEC-XBRL-financials_as-presented_10-Q_2020-09-04_0001564590-20-042635.xlsx,Balance Sheet,"August 1, 2020",us-gaap:CommonStockValue,Kept period-primary filing SCVL_SEC-XBRL-financials_as-presented_10-Q_2020-09-04_0001564590-20-042635.xlsx
balance_sheet,us-gaap:CommonStockValue,3Q20,0.41,SCVL_SEC-XBRL-financials_as-presented_10-Q_2021-09-03_0001564590-21-047056.xlsx,Balance Sheet,"August 1, 2020",us-gaap:CommonStockValue,Kept period-primary filing SCVL_SEC-XBRL-financials_as-presented_10-Q_2020-09-04_0001564590-20-042635.xlsx
balance_sheet,html:additional-paid-in-capital,3Q20,77.324,SCVL_SEC-XBRL-financials_as-presented_10-Q_2020-09-04_0001564590-20-042635.xlsx,Balance Sheet,"August 1, 2020",us-gaap:AdditionalPaidInCapital,Kept period-primary filing SCVL_SEC-XBRL-financials_as-presented_10-Q_2020-09-04_0001564590-20-042635.xlsx
balance_sheet,html:additional-paid-in-capital,3Q20,77.183,SCVL_SEC-XBRL-financials_as-presented_10-Q_2021-09-03_0001564590-21-047056.xlsx,Balance Sheet,"August 1, 2020",us-gaap:AdditionalPaidInCapital,Kept period-primary filing SCVL_SEC-XBRL-financials_as-presented_10-Q_2020-09-04_0001564590-20-042635.xlsx
balance_sheet,us-gaap:TreasuryStockValue,3Q20,-175.661,SCVL_SEC-XBRL-financials_as-presented_10-Q_2020-09-04_0001564590-20-042635.xlsx,Balance Sheet,"August 1, 2020",us-gaap:TreasuryStockValue,Kept period-primary filing SCVL_SEC-XBRL-financials_as-presented_10-Q_2020-09-04_0001564590-20-042635.xlsx
balance_sheet,us-gaap:TreasuryStockValue,3Q20,-175.725,SCVL_SEC-XBRL-financials_as-presented_10-Q_2021-09-03_0001564590-21-047056.xlsx,Balance Sheet,"August 1, 2020",us-gaap:TreasuryStockValue,Kept period-primary filing SCVL_SEC-XBRL-financials_as-presented_10-Q_2020-09-04_0001564590-20-042635.xlsx
income_statement,us-gaap:EarningsPerShareBasic,4Q20,1.04,SCVL_SEC-XBRL-financials_as-presented_10-Q_2020-12-04_0001564590-20-056128.xlsx,Income Statement,"Thirteen Weeks Ended October 31, 2020",us-gaap:EarningsPerShareBasic,Kept period-primary filing SCVL_SEC-XBRL-financials_as-presented_10-Q_2020-12-04_0001564590-20-056128.xlsx
income_statement,us-gaap:EarningsPerShareBasic,4Q20,0.52,SCVL_SEC-XBRL-financials_as-presented_10-Q_2021-11-29_0001564590-21-058656.xlsx,Income Statement,"Thirteen Weeks Ended October 31, 2020",us-gaap:EarningsPerShareBasic,Kept period-primary filing SCVL_SEC-XBRL-financials_as-presented_10-Q_2020-12-04_0001564590-20-056128.xlsx
income_statement,us-gaap:EarningsPerShareDiluted,4Q20,1.03,SCVL_SEC-XBRL-financials_as-presented_10-Q_2020-12-04_0001564590-20-056128.xlsx,Income Statement,"Thirteen Weeks Ended October 31, 2020",us-gaap:EarningsPerShareDiluted,Kept period-primary filing SCVL_SEC-XBRL-financials_as-presented_10-Q_2020-12-04_0001564590-20-056128.xlsx
income_statement,us-gaap:EarningsPerShareDiluted,4Q20,0.51,SCVL_SEC-XBRL-financials_as-presented_10-Q_2021-11-29_0001564590-21-058656.xlsx,Income Statement,"Thirteen Weeks Ended October 31, 2020",us-gaap:EarningsPerShareDiluted,Kept period-primary filing SCVL_SEC-XBRL-financials_as-presented_10-Q_2020-12-04_0001564590-20-056128.xlsx
income_statement,us-gaap:WeightedAverageNumberOfSharesOutstandingBasic,4Q20,14.09,SCVL_SEC-XBRL-financials_as-presented_10-Q_2020-12-04_0001564590-20-056128.xlsx,Income Statement,"Thirteen Weeks Ended October 31, 2020",us-gaap:WeightedAverageNumberOfSharesOutstandingBasic,Kept period-primary filing SCVL_SEC-XBRL-financials_as-presented_10-Q_2020-12-04_0001564590-20-056128.xlsx
income_statement,us-gaap:WeightedAverageNumberOfSharesOutstandingBasic,4Q20,28.18,SCVL_SEC-XBRL-financials_as-presented_10-Q_2021-11-29_0001564590-21-058656.xlsx,Income Statement,"Thirteen Weeks Ended October 31, 2020",us-gaap:WeightedAverageNumberOfSharesOutstandingBasic,Kept period-primary filing SCVL_SEC-XBRL-financials_as-presented_10-Q_2020-12-04_0001564590-20-056128.xlsx
income_statement,us-gaap:WeightedAverageNumberOfDilutedSharesOutstanding,4Q20,14.266,SCVL_SEC-XBRL-financials_as-presented_10-Q_2020-12-04_0001564590-20-056128.xlsx,Income Statement,"Thirteen Weeks Ended October 31, 2020",us-gaap:WeightedAverageNumberOfDilutedSharesOutstanding,Kept period-primary filing SCVL_SEC-XBRL-financials_as-presented_10-Q_2020-12-04_0001564590-20-056128.xlsx
income_statement,us-gaap:WeightedAverageNumberOfDilutedSharesOutstanding,4Q20,28.533,SCVL_SEC-XBRL-financials_as-presented_10-Q_2021-11-29_0001564590-21-058656.xlsx,Income Statement,"Thirteen Weeks Ended October 31, 2020",us-gaap:WeightedAverageNumberOfDilutedSharesOutstanding,Kept period-primary filing SCVL_SEC-XBRL-financials_as-presented_10-Q_2020-12-04_0001564590-20-056128.xlsx
balance_sheet,us-gaap:CommonStockValue,4Q20,0.205,SCVL_SEC-XBRL-financials_as-presented_10-Q_2020-12-04_0001564590-20-056128.xlsx,Balance Sheet,"October 31, 2020",us-gaap:CommonStockValue,Kept period-primary filing SCVL_SEC-XBRL-financials_as-presented_10-Q_2020-12-04_0001564590-20-056128.xlsx
balance_sheet,us-gaap:CommonStockValue,4Q20,0.41,SCVL_SEC-XBRL-financials_as-presented_10-Q_2021-11-29_0001564590-21-058656.xlsx,Balance Sheet,"October 31, 2020",us-gaap:CommonStockValue,Kept period-primary filing SCVL_SEC-XBRL-financials_as-presented_10-Q_2020-12-04_0001564590-20-056128.xlsx
balance_sheet,html:additional-paid-in-capital,4Q20,78.104,SCVL_SEC-XBRL-financials_as-presented_10-Q_2020-12-04_0001564590-20-056128.xlsx,Balance Sheet,"October 31, 2020",us-gaap:AdditionalPaidInCapital,Kept period-primary filing SCVL_SEC-XBRL-financials_as-presented_10-Q_2020-12-04_0001564590-20-056128.xlsx
balance_sheet,html:additional-paid-in-capital,4Q20,77.963,SCVL_SEC-XBRL-financials_as-presented_10-Q_2021-11-29_0001564590-21-058656.xlsx,Balance Sheet,"October 31, 2020",us-gaap:AdditionalPaidInCapital,Kept period-primary filing SCVL_SEC-XBRL-financials_as-presented_10-Q_2020-12-04_0001564590-20-056128.xlsx
balance_sheet,us-gaap:TreasuryStockValue,4Q20,-175.597,SCVL_SEC-XBRL-financials_as-presented_10-Q_2020-12-04_0001564590-20-056128.xlsx,Balance Sheet,"October 31, 2020",us-gaap:TreasuryStockValue,Kept period-primary filing SCVL_SEC-XBRL-financials_as-presented_10-Q_2020-12-04_0001564590-20-056128.xlsx
balance_sheet,us-gaap:TreasuryStockValue,4Q20,-175.661,SCVL_SEC-XBRL-financials_as-presented_10-Q_2021-11-29_0001564590-21-058656.xlsx,Balance Sheet,"October 31, 2020",us-gaap:TreasuryStockValue,Kept period-primary filing SCVL_SEC-XBRL-financials_as-presented_10-Q_2020-12-04_0001564590-20-056128.xlsx
income_statement,us-gaap:EarningsPerShareBasic,2Q21,3.06,SCVL_SEC-XBRL-financials_as-presented_10-Q_2021-06-04_0001564590-21-031774.xlsx,Income Statement,"Thirteen Weeks Ended May 1, 2021",us-gaap:EarningsPerShareBasic,Kept period-primary filing SCVL_SEC-XBRL-financials_as-presented_10-Q_2021-06-04_0001564590-21-031774.xlsx
income_statement,us-gaap:EarningsPerShareBasic,2Q21,1.53,SCVL_SEC-XBRL-financials_as-presented_10-Q_2022-06-03_0000950170-22-011150.xlsx,Income Statement,"ThirteenWeeks Ended May 1, 2021",us-gaap:EarningsPerShareBasic,Kept period-primary filing SCVL_SEC-XBRL-financials_as-presented_10-Q_2021-06-04_0001564590-21-031774.xlsx
income_statement,us-gaap:EarningsPerShareDiluted,2Q21,3.02,SCVL_SEC-XBRL-financials_as-presented_10-Q_2021-06-04_0001564590-21-031774.xlsx,Income Statement,"Thirteen Weeks Ended May 1, 2021",us-gaap:EarningsPerShareDiluted,Kept period-primary filing SCVL_SEC-XBRL-financials_as-presented_10-Q_2021-06-04_0001564590-21-031774.xlsx
income_statement,us-gaap:EarningsPerShareDiluted,2Q21,1.51,SCVL_SEC-XBRL-financials_as-presented_10-Q_2022-06-03_0000950170-22-011150.xlsx,Income Statement,"ThirteenWeeks Ended May 1, 2021",us-gaap:EarningsPerShareDiluted,Kept period-primary filing SCVL_SEC-XBRL-financials_as-presented_10-Q_2021-06-04_0001564590-21-031774.xlsx
income_statement,us-gaap:WeightedAverageNumberOfSharesOutstandingBasic,2Q21,14.129,SCVL_SEC-XBRL-financials_as-presented_10-Q_2021-06-04_0001564590-21-031774.xlsx,Income Statement,"Thirteen Weeks Ended May 1, 2021",us-gaap:WeightedAverageNumberOfSharesOutstandingBasic,Kept period-primary filing SCVL_SEC-XBRL-financials_as-presented_10-Q_2021-06-04_0001564590-21-031774.xlsx
income_statement,us-gaap:WeightedAverageNumberOfSharesOutstandingBasic,2Q21,28.258,SCVL_SEC-XBRL-financials_as-presented_10-Q_2022-06-03_0000950170-22-011150.xlsx,Income Statement,"ThirteenWeeks Ended May 1, 2021",us-gaap:WeightedAverageNumberOfSharesOutstandingBasic,Kept period-primary filing SCVL_SEC-XBRL-financials_as-presented_10-Q_2021-06-04_0001564590-21-031774.xlsx
income_statement,us-gaap:WeightedAverageNumberOfDilutedSharesOutstanding,2Q21,14.324,SCVL_SEC-XBRL-financials_as-presented_10-Q_2021-06-04_0001564590-21-031774.xlsx,Income Statement,"Thirteen Weeks Ended May 1, 2021",us-gaap:WeightedAverageNumberOfDilutedSharesOutstanding,Kept period-primary filing SCVL_SEC-XBRL-financials_as-presented_10-Q_2021-06-04_0001564590-21-031774.xlsx
income_statement,us-gaap:WeightedAverageNumberOfDilutedSharesOutstanding,2Q21,28.647,SCVL_SEC-XBRL-financials_as-presented_10-Q_2022-06-03_0000950170-22-011150.xlsx,Income Statement,"ThirteenWeeks Ended May 1, 2021",us-gaap:WeightedAverageNumberOfDilutedSharesOutstanding,Kept period-primary filing SCVL_SEC-XBRL-financials_as-presented_10-Q_2021-06-04_0001564590-21-031774.xlsx
balance_sheet,us-gaap:CommonStockValue,2Q21,0.205,SCVL_SEC-XBRL-financials_as-presented_10-Q_2021-06-04_0001564590-21-031774.xlsx,Balance Sheet,"May 1, 2021",us-gaap:CommonStockValue,Kept period-primary filing SCVL_SEC-XBRL-financials_as-presented_10-Q_2021-06-04_0001564590-21-031774.xlsx
balance_sheet,us-gaap:CommonStockValue,2Q21,0.41,SCVL_SEC-XBRL-financials_as-presented_10-Q_2022-06-03_0000950170-22-011150.xlsx,Balance Sheet,"May 1, 2021",us-gaap:CommonStockValue,Kept period-primary filing SCVL_SEC-XBRL-financials_as-presented_10-Q_2021-06-04_0001564590-21-031774.xlsx
balance_sheet,html:additional-paid-in-capital,2Q21,77.182,SCVL_SEC-XBRL-financials_as-presented_10-Q_2021-06-04_0001564590-21-031774.xlsx,Balance Sheet,"May 1, 2021",us-gaap:AdditionalPaidInCapital,Kept period-primary filing SCVL_SEC-XBRL-financials_as-presented_10-Q_2021-06-04_0001564590-21-031774.xlsx
balance_sheet,html:additional-paid-in-capital,2Q21,77.041,SCVL_SEC-XBRL-financials_as-presented_10-Q_2022-06-03_0000950170-22-011150.xlsx,Balance Sheet,"May 1, 2021",us-gaap:AdditionalPaidInCapital,Kept period-primary filing SCVL_SEC-XBRL-financials_as-presented_10-Q_2021-06-04_0001564590-21-031774.xlsx
balance_sheet,us-gaap:TreasuryStockValue,2Q21,-174.987,SCVL_SEC-XBRL-financials_as-presented_10-Q_2021-06-04_0001564590-21-031774.xlsx,Balance Sheet,"May 1, 2021",us-gaap:TreasuryStockValue,Kept period-primary filing SCVL_SEC-XBRL-financials_as-presented_10-Q_2021-06-04_0001564590-21-031774.xlsx
balance_sheet,us-gaap:TreasuryStockValue,2Q21,-175.051,SCVL_SEC-XBRL-financials_as-presented_10-Q_2022-06-03_0000950170-22-011150.xlsx,Balance Sheet,"May 1, 2021",us-gaap:TreasuryStockValue,Kept period-primary filing SCVL_SEC-XBRL-financials_as-presented_10-Q_2021-06-04_0001564590-21-031774.xlsx
balance_sheet,html:deferred-income-taxes,2Q22,0.0,SCVL_SEC-XBRL-financials_as-presented_10-Q_2022-06-03_0000950170-22-011150.xlsx,Balance Sheet,"April 30, 2022",us-gaap:DeferredIncomeTaxAssetsNet + us-gaap:DeferredIncomeTaxLiabilitiesNet,Kept period-primary filing SCVL_SEC-XBRL-financials_as-presented_10-Q_2022-06-03_0000950170-22-011150.xlsx
balance_sheet,html:deferred-income-taxes,2Q22,0.409,SCVL_SEC-XBRL-financials_as-presented_10-Q_2023-06-02_0000950170-23-026066.xlsx,Balance Sheet,"April 30, 2022",us-gaap:DeferredIncomeTaxLiabilitiesNet,Kept period-primary filing SCVL_SEC-XBRL-financials_as-presented_10-Q_2022-06-03_0000950170-22-011150.xlsx
